申請年度,項次,業者名稱,電廠名稱,施工取得日期,土地面積,裝置容量,縣市,鄉鎮區,地段,地號,Longitude,Latitude
108,1,茂盛電業股份有限公司,臺南市台南地區農會怡安果菜市場第二期太陽能電廠,108/04/08,117016,2317.2,臺南市,安南區,怡中段,327,120.20004433288,23.045816468318
108,1,茂盛電業股份有限公司,臺南市台南地區農會怡安果菜市場第二期太陽能電廠,108/04/08,117016,2317.2,臺南市,安南區,怡中段,328,120.19956177999,23.044621539252
108,1,茂盛電業股份有限公司,臺南市台南地區農會怡安果菜市場第二期太陽能電廠,108/04/08,117016,2317.2,臺南市,安南區,怡中段,329,120.19949775111,23.044676945427
108,1,茂盛電業股份有限公司,臺南市台南地區農會怡安果菜市場第二期太陽能電廠,108/04/08,117016,2317.2,臺南市,安南區,怡中段,330,120.19925541761,23.045481455647
108,1,茂盛電業股份有限公司,臺南市台南地區農會怡安果菜市場第二期太陽能電廠,108/04/08,117016,2317.2,臺南市,安南區,怡中段,331,120.19908149163,23.046434511094
108,1,茂盛電業股份有限公司,臺南市台南地區農會怡安果菜市場第二期太陽能電廠,108/04/08,117016,2317.2,臺南市,安南區,怡中段,332,120.19903524219,23.046283764023
108,1,茂盛電業股份有限公司,臺南市台南地區農會怡安果菜市場第二期太陽能電廠,108/04/08,117016,2317.2,臺南市,安南區,怡中段,333,120.19901742893,23.046169469146
108,1,茂盛電業股份有限公司,臺南市台南地區農會怡安果菜市場第二期太陽能電廠,108/04/08,117016,2317.2,臺南市,安南區,怡中段,386,120.19873608273,23.045259365494
108,2,昱鼎電業股份有限公司,台北自來水長興淨水場太陽光電系統,108/03/15,52802,2136.96,臺北市,大安區,辛亥段五小段,34,121.54978206316,25.015517891608
108,3,中租電力科技股份有限公司,中租電力科技一號電廠,108/05/02,116093,5493.6,高雄市,永安區,烏樹林段,595,120.23606229917,22.821716722889
108,3,中租電力科技股份有限公司,中租電力科技一號電廠,108/05/02,116093,5493.6,高雄市,永安區,烏樹林段,595-14,120.23666533119,22.820145494395
108,3,中租電力科技股份有限公司,中租電力科技一號電廠,108/05/02,116093,5493.6,高雄市,永安區,烏樹林段,596-1,120.23453705199,22.821226138188
108,3,中租電力科技股份有限公司,中租電力科技一號電廠,108/05/02,116093,5493.6,高雄市,永安區,烏樹林段,596-26,120.23564115142,22.821125564076
108,3,中租電力科技股份有限公司,中租電力科技一號電廠,108/05/02,116093,5493.6,高雄市,永安區,烏樹林段,596-27,120.23511922994,22.819772066348
108,4,永宙太陽能電力股份有限公司,永宙口湖太陽能發電所一期太陽光電系統發電計畫,108/05/22,78555,9553.2,雲林縣,口湖鄉,口湖段,585,120.17423431957,23.598500969058
108,4,永宙太陽能電力股份有限公司,永宙口湖太陽能發電所一期太陽光電系統發電計畫,108/05/22,78555,9553.2,雲林縣,口湖鄉,口湖段,586,120.17434688994,23.598840324975
108,4,永宙太陽能電力股份有限公司,永宙口湖太陽能發電所一期太陽光電系統發電計畫,108/05/22,78555,9553.2,雲林縣,口湖鄉,口湖段,587,120.17444655318,23.599083178018
108,4,永宙太陽能電力股份有限公司,永宙口湖太陽能發電所一期太陽光電系統發電計畫,108/05/22,78555,9553.2,雲林縣,口湖鄉,口湖段,591-3,120.17374754562,23.599370939748
108,4,永宙太陽能電力股份有限公司,永宙口湖太陽能發電所一期太陽光電系統發電計畫,108/05/22,78555,9553.2,雲林縣,口湖鄉,口湖段,630-2,120.17266063431,23.595248798712
108,4,永宙太陽能電力股份有限公司,永宙口湖太陽能發電所一期太陽光電系統發電計畫,108/05/22,78555,9553.2,雲林縣,口湖鄉,口湖段,645,120.17514307348,23.594622736066
108,4,永宙太陽能電力股份有限公司,永宙口湖太陽能發電所一期太陽光電系統發電計畫,108/05/22,78555,9553.2,雲林縣,口湖鄉,口湖段,645-1,120.17498351563,23.594149281705
108,4,永宙太陽能電力股份有限公司,永宙口湖太陽能發電所一期太陽光電系統發電計畫,108/05/22,78555,9553.2,雲林縣,口湖鄉,口湖段,647-3,120.17639736122,23.595128274165
108,4,永宙太陽能電力股份有限公司,永宙口湖太陽能發電所一期太陽光電系統發電計畫,108/05/22,78555,9553.2,雲林縣,口湖鄉,口湖段,647-4,120.17588751681,23.595254901436
108,4,永宙太陽能電力股份有限公司,永宙口湖太陽能發電所一期太陽光電系統發電計畫,108/05/22,78555,9553.2,雲林縣,口湖鄉,口湖段,682,120.17686664794,23.594870730961
108,4,永宙太陽能電力股份有限公司,永宙口湖太陽能發電所一期太陽光電系統發電計畫,108/05/22,78555,9553.2,雲林縣,口湖鄉,口湖段,624-8,120.1738494891,23.593335270376
108,4,永宙太陽能電力股份有限公司,永宙口湖太陽能發電所一期太陽光電系統發電計畫,108/05/22,78555,9553.2,雲林縣,口湖鄉,口湖段,628,120.17324521643,23.593359925478
108,4,永宙太陽能電力股份有限公司,永宙口湖太陽能發電所一期太陽光電系統發電計畫,108/05/22,78555,9553.2,雲林縣,口湖鄉,口湖段,629,120.17352193047,23.593333076532
108,4,永宙太陽能電力股份有限公司,永宙口湖太陽能發電所一期太陽光電系統發電計畫,108/05/22,78555,9553.2,雲林縣,口湖鄉,口湖段,631,120.17196983034,23.593761258437
108,4,永宙太陽能電力股份有限公司,永宙口湖太陽能發電所一期太陽光電系統發電計畫,108/05/22,78555,9553.2,雲林縣,口湖鄉,口湖段,644,120.17474479752,23.593663619854
108,5,台灣電力股份有限公司,太陽光電(PV)第二期計畫南投大彎太陽光電新建工程,108/06/12,15983,999.6,南投縣,水里鄉,社子段,1-21,120.85964564172,23.825971039455
108,5,台灣電力股份有限公司,太陽光電(PV)第二期計畫南投大彎太陽光電新建工程,108/06/12,15983,999.6,南投縣,水里鄉,社子段,1-22,120.85913133073,23.825755412575
108,5,台灣電力股份有限公司,太陽光電(PV)第二期計畫南投大彎太陽光電新建工程,108/06/12,15983,999.6,南投縣,水里鄉,社子段,1-23,120.85857120567,23.825515644287
108,5,台灣電力股份有限公司,太陽光電(PV)第二期計畫南投大彎太陽光電新建工程,108/06/12,15983,999.6,南投縣,水里鄉,社子段,1-43,120.85923047648,23.825957705711
108,5,台灣電力股份有限公司,太陽光電(PV)第二期計畫南投大彎太陽光電新建工程,108/06/12,15983,999.6,南投縣,水里鄉,社子段,1-44,120.85933199477,23.825268530459
108,5,台灣電力股份有限公司,太陽光電(PV)第二期計畫南投大彎太陽光電新建工程,108/06/12,15983,999.6,南投縣,水里鄉,社子段,1-45,120.8581716488,23.824703778347
108,5,台灣電力股份有限公司,太陽光電(PV)第二期計畫南投大彎太陽光電新建工程,108/06/12,15983,999.6,南投縣,水里鄉,社子段,1-46,120.85860773579,23.824636986071
108,5,台灣電力股份有限公司,太陽光電(PV)第二期計畫南投大彎太陽光電新建工程,108/06/12,15983,999.6,南投縣,水里鄉,社子段,1-89,120.85875819433,23.825527925379
108,5,台灣電力股份有限公司,太陽光電(PV)第二期計畫南投大彎太陽光電新建工程,108/06/12,15983,999.6,南投縣,水里鄉,社子段,1-91,120.85853051563,23.825138611868
108,5,台灣電力股份有限公司,太陽光電(PV)第二期計畫南投大彎太陽光電新建工程,108/06/12,15983,999.6,南投縣,水里鄉,社子段,1-92,120.85877835682,23.825183601002
108,5,台灣電力股份有限公司,太陽光電(PV)第二期計畫南投大彎太陽光電新建工程,108/06/12,15983,999.6,南投縣,水里鄉,社子段,1-93,120.85834510398,23.825372444474
108,5,台灣電力股份有限公司,太陽光電(PV)第二期計畫南投大彎太陽光電新建工程,108/06/12,15983,999.6,南投縣,水里鄉,社子段,1-198,120.85936266967,23.825459622618
108,6,華洋電業開發股份有限公司,華洋電業屋頂型第一期_力麗企業廠房屋頂太陽光電發電廠,108/04/08,77926,2499,彰化縣,芳苑鄉,裕津段,19,120.35463736769,23.923553304829
108,6,華洋電業開發股份有限公司,華洋電業屋頂型第一期_力麗企業廠房屋頂太陽光電發電廠,108/04/08,77926,2499,彰化縣,芳苑鄉,裕津段,20,120.35417257739,23.923665778355
108,6,華洋電業開發股份有限公司,華洋電業屋頂型第一期_力麗企業廠房屋頂太陽光電發電廠,108/04/08,77926,2499,彰化縣,芳苑鄉,裕津段,21,120.35369649831,23.923777396326
108,6,華洋電業開發股份有限公司,華洋電業屋頂型第一期_力麗企業廠房屋頂太陽光電發電廠,108/04/08,77926,2499,彰化縣,芳苑鄉,裕津段,22,120.35322116477,23.923889870761
108,6,華洋電業開發股份有限公司,華洋電業屋頂型第一期_力麗企業廠房屋頂太陽光電發電廠,108/04/08,77926,2499,彰化縣,芳苑鄉,裕津段,23,120.35274564005,23.924002511707
108,6,華洋電業開發股份有限公司,華洋電業屋頂型第一期_力麗企業廠房屋頂太陽光電發電廠,108/04/08,77926,2499,彰化縣,芳苑鄉,裕津段,24,120.35227327079,23.924113636027
108,6,華洋電業開發股份有限公司,華洋電業屋頂型第一期_力麗企業廠房屋頂太陽光電發電廠,108/04/08,77926,2499,彰化縣,芳苑鄉,裕津段,33,120.35012076963,23.923635537409
108,6,華洋電業開發股份有限公司,華洋電業屋頂型第一期_力麗企業廠房屋頂太陽光電發電廠,108/04/08,77926,2499,彰化縣,芳苑鄉,裕津段,34,120.35058706425,23.923523926702
108,6,華洋電業開發股份有限公司,華洋電業屋頂型第一期_力麗企業廠房屋頂太陽光電發電廠,108/04/08,77926,2499,彰化縣,芳苑鄉,裕津段,35,120.35106332506,23.923412486412
108,6,華洋電業開發股份有限公司,華洋電業屋頂型第一期_力麗企業廠房屋頂太陽光電發電廠,108/04/08,77926,2499,彰化縣,芳苑鄉,裕津段,36,120.3515336483,23.923302043242
108,6,華洋電業開發股份有限公司,華洋電業屋頂型第一期_力麗企業廠房屋頂太陽光電發電廠,108/04/08,77926,2499,彰化縣,芳苑鄉,裕津段,39,120.35201566577,23.923189433348
108,6,華洋電業開發股份有限公司,華洋電業屋頂型第一期_力麗企業廠房屋頂太陽光電發電廠,108/04/08,77926,2499,彰化縣,芳苑鄉,裕津段,40,120.35248728721,23.923077796362
108,6,華洋電業開發股份有限公司,華洋電業屋頂型第一期_力麗企業廠房屋頂太陽光電發電廠,108/04/08,77926,2499,彰化縣,芳苑鄉,裕津段,41,120.35296225024,23.922965498382
108,6,華洋電業開發股份有限公司,華洋電業屋頂型第一期_力麗企業廠房屋頂太陽光電發電廠,108/04/08,77926,2499,彰化縣,芳苑鄉,裕津段,42,120.35343832521,23.922853534918
108,6,華洋電業開發股份有限公司,華洋電業屋頂型第一期_力麗企業廠房屋頂太陽光電發電廠,108/04/08,77926,2499,彰化縣,芳苑鄉,裕津段,43,120.35391477255,23.922740554128
108,6,華洋電業開發股份有限公司,華洋電業屋頂型第一期_力麗企業廠房屋頂太陽光電發電廠,108/04/08,77926,2499,彰化縣,芳苑鄉,裕津段,44,120.35439159141,23.922637618973
108,8,兆洋股份有限公司,兆洋台船太陽能發電廠,108/05/31,927749,15730.95,高雄市,小港區,大人宮段一小段,806,120.34554415816,22.556991169473
108,8,兆洋股份有限公司,兆洋台船太陽能發電廠,108/05/31,927749,15730.95,高雄市,小港區,大人宮段二小段,1041,120.34577656804,22.552355672447
108,8,兆洋股份有限公司,兆洋台船太陽能發電廠,108/05/31,927749,15730.95,高雄市,小港區,大人宮段二小段,1042,120.34278632374,22.549990841159
108,8,兆洋股份有限公司,兆洋台船太陽能發電廠,108/05/31,927749,15730.95,高雄市,小港區,大人宮段二小段,1043,120.34002090721,22.547707072271
108,9,光合能源股份有限公司,新塭南、北側滯洪池水域型太陽光電發電業,108/05/31,620081,35513.28,嘉義縣,布袋鎮,新南段,8-1,120.16529812503,23.312485614745
108,9,光合能源股份有限公司,新塭南、北側滯洪池水域型太陽光電發電業,108/05/31,620081,35513.28,嘉義縣,布袋鎮,新南段,9,120.16586826939,23.311219896147
108,9,光合能源股份有限公司,新塭南、北側滯洪池水域型太陽光電發電業,108/05/31,620081,35513.28,嘉義縣,布袋鎮,新南段,11,120.16429873009,23.311808587137
108,9,光合能源股份有限公司,新塭南、北側滯洪池水域型太陽光電發電業,108/05/31,620081,35513.28,嘉義縣,布袋鎮,新南段,19-1,120.16723004632,23.315008699716
108,9,光合能源股份有限公司,新塭南、北側滯洪池水域型太陽光電發電業,108/05/31,620081,35513.28,嘉義縣,布袋鎮,新南段,35-1,120.16807031148,23.317351916413
108,9,光合能源股份有限公司,新塭南、北側滯洪池水域型太陽光電發電業,108/05/31,620081,35513.28,嘉義縣,布袋鎮,新南段,36-1,120.16808146219,23.317428438853
108,9,光合能源股份有限公司,新塭南、北側滯洪池水域型太陽光電發電業,108/05/31,620081,35513.28,嘉義縣,布袋鎮,新南段,37-1,120.16928381303,23.318522496906
108,9,光合能源股份有限公司,新塭南、北側滯洪池水域型太陽光電發電業,108/05/31,620081,35513.28,嘉義縣,布袋鎮,新南段,39-1,120.16880768634,23.31778135775
108,9,光合能源股份有限公司,新塭南、北側滯洪池水域型太陽光電發電業,108/05/31,620081,35513.28,嘉義縣,布袋鎮,新南段,40-1,120.16831919482,23.317017455585
108,9,光合能源股份有限公司,新塭南、北側滯洪池水域型太陽光電發電業,108/05/31,620081,35513.28,嘉義縣,布袋鎮,新南段,42-1,120.16814138432,23.316665462653
108,9,光合能源股份有限公司,新塭南、北側滯洪池水域型太陽光電發電業,108/05/31,620081,35513.28,嘉義縣,布袋鎮,新南段,43-1,120.16759450755,23.315747703911
108,9,光合能源股份有限公司,新塭南、北側滯洪池水域型太陽光電發電業,108/05/31,620081,35513.28,嘉義縣,布袋鎮,新南段,44-1,120.16532499425,23.314178286692
108,9,光合能源股份有限公司,新塭南、北側滯洪池水域型太陽光電發電業,108/05/31,620081,35513.28,嘉義縣,布袋鎮,新南段,48,120.165038096,23.314310281054
108,9,光合能源股份有限公司,新塭南、北側滯洪池水域型太陽光電發電業,108/05/31,620081,35513.28,嘉義縣,布袋鎮,新南段,49,120.16359574039,23.314098005241
108,9,光合能源股份有限公司,新塭南、北側滯洪池水域型太陽光電發電業,108/05/31,620081,35513.28,嘉義縣,布袋鎮,新南段,50,120.16406795965,23.315355608155
108,9,光合能源股份有限公司,新塭南、北側滯洪池水域型太陽光電發電業,108/05/31,620081,35513.28,嘉義縣,布袋鎮,新南段,51-1,120.1652107641,23.316883233509
108,9,光合能源股份有限公司,新塭南、北側滯洪池水域型太陽光電發電業,108/05/31,620081,35513.28,嘉義縣,布袋鎮,新南段,54-1,120.16687114213,23.317760430984
108,9,光合能源股份有限公司,新塭南、北側滯洪池水域型太陽光電發電業,108/05/31,620081,35513.28,嘉義縣,布袋鎮,新南段,56,120.16786532003,23.319018007726
108,9,光合能源股份有限公司,新塭南、北側滯洪池水域型太陽光電發電業,108/05/31,620081,35513.28,嘉義縣,布袋鎮,新南段,57-1,120.16946787097,23.320021357766
108,9,光合能源股份有限公司,新塭南、北側滯洪池水域型太陽光電發電業,108/05/31,620081,35513.28,嘉義縣,布袋鎮,新南段,58,120.16834017426,23.320115709317
108,9,光合能源股份有限公司,新塭南、北側滯洪池水域型太陽光電發電業,108/05/31,620081,35513.28,嘉義縣,布袋鎮,新南段,60,120.16750169317,23.320086431658
108,9,光合能源股份有限公司,新塭南、北側滯洪池水域型太陽光電發電業,108/05/31,620081,35513.28,嘉義縣,布袋鎮,新南段,61,120.1687200095,23.321526402028
108,9,光合能源股份有限公司,新塭南、北側滯洪池水域型太陽光電發電業,108/05/31,620081,35513.28,嘉義縣,布袋鎮,新南段,62-1,120.16745824366,23.321915517933
108,9,光合能源股份有限公司,新塭南、北側滯洪池水域型太陽光電發電業,108/05/31,620081,35513.28,嘉義縣,布袋鎮,新南段,63-1,120.16775841643,23.321325869573
108,9,光合能源股份有限公司,新塭南、北側滯洪池水域型太陽光電發電業,108/05/31,620081,35513.28,嘉義縣,布袋鎮,新南段,64,120.1673775131,23.320926140357
108,9,光合能源股份有限公司,新塭南、北側滯洪池水域型太陽光電發電業,108/05/31,620081,35513.28,嘉義縣,布袋鎮,新南段,66,120.1670198803,23.320465973558
108,9,光合能源股份有限公司,新塭南、北側滯洪池水域型太陽光電發電業,108/05/31,620081,35513.28,嘉義縣,布袋鎮,新南段,68,120.1664385771,23.319967678334
108,9,光合能源股份有限公司,新塭南、北側滯洪池水域型太陽光電發電業,108/05/31,620081,35513.28,嘉義縣,布袋鎮,新南段,71,120.16588678446,23.319251381192
108,9,光合能源股份有限公司,新塭南、北側滯洪池水域型太陽光電發電業,108/05/31,620081,35513.28,嘉義縣,布袋鎮,嘉塭段,118-1,120.17164479598,23.324369964119
108,9,光合能源股份有限公司,新塭南、北側滯洪池水域型太陽光電發電業,108/05/31,620081,35513.28,嘉義縣,布袋鎮,嘉塭段,119-1,120.17062581228,23.324195261028
108,9,光合能源股份有限公司,新塭南、北側滯洪池水域型太陽光電發電業,108/05/31,620081,35513.28,嘉義縣,布袋鎮,嘉塭段,189-1,120.17012928792,23.322161961249
108,9,光合能源股份有限公司,新塭南、北側滯洪池水域型太陽光電發電業,108/05/31,620081,35513.28,嘉義縣,布袋鎮,嘉塭段,190-1,120.1703672751,23.322828833996
108,9,光合能源股份有限公司,新塭南、北側滯洪池水域型太陽光電發電業,108/05/31,620081,35513.28,嘉義縣,布袋鎮,嘉塭段,193-1,120.17045665057,23.323413499401
108,9,光合能源股份有限公司,新塭南、北側滯洪池水域型太陽光電發電業,108/05/31,620081,35513.28,嘉義縣,布袋鎮,嘉塭段,194-1,120.16999067802,23.321453360994
108,9,光合能源股份有限公司,新塭南、北側滯洪池水域型太陽光電發電業,108/05/31,620081,35513.28,嘉義縣,布袋鎮,嘉塭段,199,120.16817944858,23.3223416939
108,9,光合能源股份有限公司,新塭南、北側滯洪池水域型太陽光電發電業,108/05/31,620081,35513.28,嘉義縣,布袋鎮,嘉塭段,200,120.16834504673,23.322901089252
108,9,光合能源股份有限公司,新塭南、北側滯洪池水域型太陽光電發電業,108/05/31,620081,35513.28,嘉義縣,布袋鎮,嘉塭段,201,120.16858769421,23.323365516238
108,9,光合能源股份有限公司,新塭南、北側滯洪池水域型太陽光電發電業,108/05/31,620081,35513.28,嘉義縣,布袋鎮,嘉塭段,202,120.1690141552,23.323966378656
108,9,光合能源股份有限公司,新塭南、北側滯洪池水域型太陽光電發電業,108/05/31,620081,35513.28,嘉義縣,布袋鎮,嘉塭段,203,120.16919949552,23.324558194454
108,9,光合能源股份有限公司,新塭南、北側滯洪池水域型太陽光電發電業,108/05/31,620081,35513.28,嘉義縣,布袋鎮,嘉塭段,204,120.16823511776,23.324908353528
108,9,光合能源股份有限公司,新塭南、北側滯洪池水域型太陽光電發電業,108/05/31,620081,35513.28,嘉義縣,布袋鎮,嘉塭段,205,120.16800293043,23.324281338965
108,9,光合能源股份有限公司,新塭南、北側滯洪池水域型太陽光電發電業,108/05/31,620081,35513.28,嘉義縣,布袋鎮,嘉塭段,207,120.16734112956,23.323638596954
108,9,光合能源股份有限公司,新塭南、北側滯洪池水域型太陽光電發電業,108/05/31,620081,35513.28,嘉義縣,布袋鎮,嘉塭段,208,120.1672334117,23.323831091055
108,9,光合能源股份有限公司,新塭南、北側滯洪池水域型太陽光電發電業,108/05/31,620081,35513.28,嘉義縣,布袋鎮,嘉塭段,209,120.16744270724,23.323918491796
108,9,光合能源股份有限公司,新塭南、北側滯洪池水域型太陽光電發電業,108/05/31,620081,35513.28,嘉義縣,布袋鎮,嘉塭段,210,120.16746266767,23.324501981169
108,11,台灣電力股份有限公司,馬祖珠山發電廠建物太陽光電新建工程,108/10/21,47610,36.6,連江縣,南竿鄉,清水段,1363,119.93489966645,26.156858920554
108,12,台灣電力股份有限公司,澎湖尖山電廠廠區建物太陽光電新建工程,108/09/12,118028,745.2,澎湖縣,湖西鄉,尖山南段,1072,119.66031171841,23.563798443272
108,14,台灣電力股份有限公司,金門鵲山變電所太陽光電新建工程,108/08/07,4000,49.7,金門縣,金湖鎮,士校段,831,118.43603409683,24.463274014024
108,14,台灣電力股份有限公司,金門鵲山變電所太陽光電新建工程,108/08/07,4000,49.7,金門縣,金湖鎮,士校段,831-1,118.4359162731,24.463401037332
108,15,台灣電力股份有限公司,太陽光電（PV）第二期計畫台中電廠A生水池及廠區建物太陽光電新建工程,108/08/14,9750,900.24,臺中市,龍井區,福麗段,874,120.48796665011,24.211894984947
108,16,永宙太陽能電力股份有限公司,永宙1-2期口湖段太陽光電系統發電計畫,108/10/24,13877,1333.8,雲林縣,口湖鄉,口湖段,618,120.17139678541,23.596698543108
108,16,永宙太陽能電力股份有限公司,永宙1-2期口湖段太陽光電系統發電計畫,108/10/24,13877,1333.8,雲林縣,口湖鄉,口湖段,624-4,120.17414785926,23.596965339634
108,16,永宙太陽能電力股份有限公司,永宙1-2期口湖段太陽光電系統發電計畫,108/10/24,13877,1333.8,雲林縣,口湖鄉,口湖段,634,120.17110530499,23.593701709735
108,17,永宙太陽能電力股份有限公司,永宙一期口湖段太陽光電系統發電計畫(第二階段),108/10/02,110319,13132.8,雲林縣,口湖鄉,口湖段,594,120.17204997626,23.601146657834
108,17,永宙太陽能電力股份有限公司,永宙一期口湖段太陽光電系統發電計畫(第二階段),108/10/02,110319,13132.8,雲林縣,口湖鄉,口湖段,616-25,120.17086210402,23.595539215293
108,17,永宙太陽能電力股份有限公司,永宙一期口湖段太陽光電系統發電計畫(第二階段),108/10/02,110319,13132.8,雲林縣,口湖鄉,口湖段,616-43,120.17128068196,23.595681837038
108,17,永宙太陽能電力股份有限公司,永宙一期口湖段太陽光電系統發電計畫(第二階段),108/10/02,110319,13132.8,雲林縣,口湖鄉,口湖段,616-44,120.1713103002,23.596061229344
108,17,永宙太陽能電力股份有限公司,永宙一期口湖段太陽光電系統發電計畫(第二階段),108/10/02,110319,13132.8,雲林縣,口湖鄉,口湖段,616-45,120.17134394359,23.596190009083
108,17,永宙太陽能電力股份有限公司,永宙一期口湖段太陽光電系統發電計畫(第二階段),108/10/02,110319,13132.8,雲林縣,口湖鄉,口湖段,616-47,120.17202213269,23.595424630376
108,17,永宙太陽能電力股份有限公司,永宙一期口湖段太陽光電系統發電計畫(第二階段),108/10/02,110319,13132.8,雲林縣,口湖鄉,口湖段,616-49,120.17216513645,23.595929782037
108,17,永宙太陽能電力股份有限公司,永宙一期口湖段太陽光電系統發電計畫(第二階段),108/10/02,110319,13132.8,雲林縣,口湖鄉,口湖段,617,120.17222471957,23.596447439262
108,17,永宙太陽能電力股份有限公司,永宙一期口湖段太陽光電系統發電計畫(第二階段),108/10/02,110319,13132.8,雲林縣,口湖鄉,口湖段,619-2,120.17167505079,23.597762145471
108,17,永宙太陽能電力股份有限公司,永宙一期口湖段太陽光電系統發電計畫(第二階段),108/10/02,110319,13132.8,雲林縣,口湖鄉,口湖段,620,120.17173372786,23.598475078359
108,17,永宙太陽能電力股份有限公司,永宙一期口湖段太陽光電系統發電計畫(第二階段),108/10/02,110319,13132.8,雲林縣,口湖鄉,口湖段,621-2,120.17315298636,23.597761295793
108,17,永宙太陽能電力股份有限公司,永宙一期口湖段太陽光電系統發電計畫(第二階段),108/10/02,110319,13132.8,雲林縣,口湖鄉,口湖段,621-3,120.17305206591,23.596978731418
108,17,永宙太陽能電力股份有限公司,永宙一期口湖段太陽光電系統發電計畫(第二階段),108/10/02,110319,13132.8,雲林縣,口湖鄉,口湖段,621-6,120.17271753207,23.595826629345
108,17,永宙太陽能電力股份有限公司,永宙一期口湖段太陽光電系統發電計畫(第二階段),108/10/02,110319,13132.8,雲林縣,口湖鄉,口湖段,622,120.17392083031,23.597570685756
108,17,永宙太陽能電力股份有限公司,永宙一期口湖段太陽光電系統發電計畫(第二階段),108/10/02,110319,13132.8,雲林縣,口湖鄉,口湖段,623-4,120.17443943646,23.597644829879
108,17,永宙太陽能電力股份有限公司,永宙一期口湖段太陽光電系統發電計畫(第二階段),108/10/02,110319,13132.8,雲林縣,口湖鄉,口湖段,624-3,120.17458984912,23.597338920912
108,17,永宙太陽能電力股份有限公司,永宙一期口湖段太陽光電系統發電計畫(第二階段),108/10/02,110319,13132.8,雲林縣,口湖鄉,口湖段,652,120.17611197798,23.596876194801
108,17,永宙太陽能電力股份有限公司,永宙一期口湖段太陽光電系統發電計畫(第二階段),108/10/02,110319,13132.8,雲林縣,口湖鄉,口湖段,653,120.17707872946,23.596794586228
108,17,永宙太陽能電力股份有限公司,永宙一期口湖段太陽光電系統發電計畫(第二階段),108/10/02,110319,13132.8,雲林縣,口湖鄉,口湖段,679-2,120.17846507874,23.595107547307
108,17,永宙太陽能電力股份有限公司,永宙一期口湖段太陽光電系統發電計畫(第二階段),108/10/02,110319,13132.8,雲林縣,口湖鄉,口湖段,679-4,120.17822086373,23.595108735485
108,17,永宙太陽能電力股份有限公司,永宙一期口湖段太陽光電系統發電計畫(第二階段),108/10/02,110319,13132.8,雲林縣,口湖鄉,口湖段,681-5,120.17796892146,23.59468835364
108,17,永宙太陽能電力股份有限公司,永宙一期口湖段太陽光電系統發電計畫(第二階段),108/10/02,110319,13132.8,雲林縣,口湖鄉,口湖段,597,120.17290158304,23.59937106754
108,17,永宙太陽能電力股份有限公司,永宙一期口湖段太陽光電系統發電計畫(第二階段),108/10/02,110319,13132.8,雲林縣,口湖鄉,口湖段,591-10,120.17356759673,23.600165786175
108,17,永宙太陽能電力股份有限公司,永宙一期口湖段太陽光電系統發電計畫(第二階段),108/10/02,110319,13132.8,雲林縣,口湖鄉,口湖段,591-11,120.17354633452,23.599319456246
108,18,永宙太陽能電力股份有限公司,永宙1-3期口湖段太陽光電發電廠發電計畫,108/10/24,41327,5107.2,雲林縣,口湖鄉,口湖段,630-6,120.17243275646,23.594631646409
108,18,永宙太陽能電力股份有限公司,永宙1-3期口湖段太陽光電發電廠發電計畫,108/10/24,41327,5107.2,雲林縣,口湖鄉,口湖段,637,120.17237069045,23.592406251006
108,18,永宙太陽能電力股份有限公司,永宙1-3期口湖段太陽光電發電廠發電計畫,108/10/24,41327,5107.2,雲林縣,口湖鄉,口湖段,639,120.17311219668,23.592404284034
108,18,永宙太陽能電力股份有限公司,永宙1-3期口湖段太陽光電發電廠發電計畫,108/10/24,41327,5107.2,雲林縣,口湖鄉,口湖段,651-2,120.17567434764,23.597413838707
108,18,永宙太陽能電力股份有限公司,永宙1-3期口湖段太陽光電發電廠發電計畫,108/10/24,41327,5107.2,雲林縣,口湖鄉,口湖段,616-48,120.17212315285,23.595776472557
108,18,永宙太陽能電力股份有限公司,永宙1-3期口湖段太陽光電發電廠發電計畫,108/10/24,41327,5107.2,雲林縣,口湖鄉,口湖段,619,120.17244703877,23.597701644819
108,19,台灣電力股份有限公司,高雄變電所停車場太陽光電新建工程,108/11/06,26634,327.36,高雄市,三民區,中華段一小段,319,120.29423570295,22.647094195845
108,19,台灣電力股份有限公司,高雄變電所停車場太陽光電新建工程,108/11/06,26634,327.36,高雄市,三民區,中華段一小段,325,120.29312881772,22.647543269059
108,19,台灣電力股份有限公司,高雄變電所停車場太陽光電新建工程,108/11/06,26634,327.36,高雄市,三民區,中華段一小段,326,120.29322299282,22.647112579243
108,19,台灣電力股份有限公司,高雄變電所停車場太陽光電新建工程,108/11/06,26634,327.36,高雄市,三民區,中華段一小段,339,120.29409210719,22.647081697581
108,19,台灣電力股份有限公司,高雄變電所停車場太陽光電新建工程,108/11/06,26634,327.36,高雄市,三民區,中華段一小段,339-3,120.29404214302,22.647388134988
108,20,台灣電力股份有限公司,太陽光電(PV)第二期計畫台中發電廠開關場新建工程,108/09/25,389572,245.52,臺中市,龍井區,福麗段,874,120.48796665011,24.211894984947
108,23,台灣電力股份有限公司,太陽光電(PV)第二期計畫台中發電廠廠區停車場棚架太陽光電新建工程,108/09/23,389572,195.3,臺中市,龍井區,福麗段,874,120.48796665011,24.211894984947
108,24,昊陽電業股份有限公司,昊陽一號太陽光電發電廠,108/12/04,19999,1940.4,臺南市,北門區,溪底寮段三寮灣小段,405,120.11881387228,23.230408078067
108,24,昊陽電業股份有限公司,昊陽一號太陽光電發電廠,108/12/04,19999,1940.4,臺南市,北門區,溪底寮段三寮灣小段,405,120.11881387228,23.230408078067
108,24,昊陽電業股份有限公司,昊陽一號太陽光電發電廠,108/12/04,19999,1940.4,臺南市,北門區,溪底寮段三寮灣小段,410-1,120.11909836202,23.230212724378
108,24,昊陽電業股份有限公司,昊陽一號太陽光電發電廠,108/12/04,19999,1940.4,臺南市,北門區,溪底寮段三寮灣小段,411,120.11889046175,23.229530607441
108,24,昊陽電業股份有限公司,昊陽一號太陽光電發電廠,108/12/04,19999,1940.4,臺南市,北門區,溪底寮段三寮灣小段,411-1,120.11855096588,23.229660594517
108,25,映暉能源有限公司,映暉能源第2-2期太陽光電發電廠,108/11/11,5701,630,雲林縣,臺西鄉,三姓段,879,120.2209387192,23.74474539398
108,25,映暉能源有限公司,映暉能源第2-2期太陽光電發電廠,108/11/11,5701,630,雲林縣,臺西鄉,三姓段,926,120.21955539211,23.743215588989
108,26,燦宇能源股份有限公司,燦宇2期新吉段太陽光電發電廠發電計畫,108/12/12,37051,3990,雲林縣,麥寮鄉,新吉段,1081,120.25451899786,23.810212672661
108,26,燦宇能源股份有限公司,燦宇2期新吉段太陽光電發電廠發電計畫,108/12/12,37051,3990,雲林縣,麥寮鄉,新吉段,1088,120.25280471441,23.810080958949
108,26,燦宇能源股份有限公司,燦宇2期新吉段太陽光電發電廠發電計畫,108/12/12,37051,3990,雲林縣,麥寮鄉,新吉段,1089,120.25390730114,23.809926845178
108,26,燦宇能源股份有限公司,燦宇2期新吉段太陽光電發電廠發電計畫,108/12/12,37051,3990,雲林縣,麥寮鄉,新吉段,1146,120.25278342964,23.809828525782
108,26,燦宇能源股份有限公司,燦宇2期新吉段太陽光電發電廠發電計畫,108/12/12,37051,3990,雲林縣,麥寮鄉,新吉段,1147,120.25256829286,23.80974015917
108,27,燦宇能源股份有限公司,燦宇3期新吉段太陽光電發電廠發電計畫,108/12/12,40078,4651.2,雲林縣,麥寮鄉,新吉段,1148,120.25171175771,23.809866344374
108,27,燦宇能源股份有限公司,燦宇3期新吉段太陽光電發電廠發電計畫,108/12/12,40078,4651.2,雲林縣,麥寮鄉,新吉段,1149,120.25186463602,23.809724707678
108,27,燦宇能源股份有限公司,燦宇3期新吉段太陽光電發電廠發電計畫,108/12/12,40078,4651.2,雲林縣,麥寮鄉,新吉段,1150,120.2518837558,23.809510718751
108,27,燦宇能源股份有限公司,燦宇3期新吉段太陽光電發電廠發電計畫,108/12/12,40078,4651.2,雲林縣,麥寮鄉,新吉段,1151,120.25117359511,23.809467823044
108,27,燦宇能源股份有限公司,燦宇3期新吉段太陽光電發電廠發電計畫,108/12/12,40078,4651.2,雲林縣,麥寮鄉,新吉段,1152,120.25173390145,23.80924722279
108,27,燦宇能源股份有限公司,燦宇3期新吉段太陽光電發電廠發電計畫,108/12/12,40078,4651.2,雲林縣,麥寮鄉,新吉段,1153,120.25154337211,23.808869632964
108,27,燦宇能源股份有限公司,燦宇3期新吉段太陽光電發電廠發電計畫,108/12/12,40078,4651.2,雲林縣,麥寮鄉,新吉段,1154,120.25112309406,23.80905825083
108,27,燦宇能源股份有限公司,燦宇3期新吉段太陽光電發電廠發電計畫,108/12/12,40078,4651.2,雲林縣,麥寮鄉,新吉段,1155,120.25043946058,23.808865215981
108,27,燦宇能源股份有限公司,燦宇3期新吉段太陽光電發電廠發電計畫,108/12/12,40078,4651.2,雲林縣,麥寮鄉,新吉段,1157,120.25084536128,23.808674938199
108,27,燦宇能源股份有限公司,燦宇3期新吉段太陽光電發電廠發電計畫,108/12/12,40078,4651.2,雲林縣,麥寮鄉,新吉段,1158,120.25133106079,23.808519447829
108,27,燦宇能源股份有限公司,燦宇3期新吉段太陽光電發電廠發電計畫,108/12/12,40078,4651.2,雲林縣,麥寮鄉,新吉段,1159,120.25124283389,23.808240892319
108,27,燦宇能源股份有限公司,燦宇3期新吉段太陽光電發電廠發電計畫,108/12/12,40078,4651.2,雲林縣,麥寮鄉,新吉段,1165,120.2498275076,23.808149433855
108,28,永宙太陽能電力股份有限公司,永宙1-3期口湖段太陽光電發電廠發電計畫(第二階段),108/12/11,25643,3157.8,雲林縣,口湖鄉,口湖段,593,120.17328176245,23.600999656651
108,28,永宙太陽能電力股份有限公司,永宙1-3期口湖段太陽光電發電廠發電計畫(第二階段),108/12/11,25643,3157.8,雲林縣,口湖鄉,口湖段,508,120.17205587763,23.602449840943
108,28,永宙太陽能電力股份有限公司,永宙1-3期口湖段太陽光電發電廠發電計畫(第二階段),108/12/11,25643,3157.8,雲林縣,口湖鄉,口湖段,511-3,120.17205751777,23.602064225736
108,28,永宙太陽能電力股份有限公司,永宙1-3期口湖段太陽光電發電廠發電計畫(第二階段),108/12/11,25643,3157.8,雲林縣,口湖鄉,口湖段,511-4,120.17253586668,23.602531466152
108,28,永宙太陽能電力股份有限公司,永宙1-3期口湖段太陽光電發電廠發電計畫(第二階段),108/12/11,25643,3157.8,雲林縣,口湖鄉,口湖段,617-2,120.17182613639,23.596702942793
108,30,辰亞光電股份有限公司,崙尾東一號電廠,109/01/15,877922,88038.72,彰化縣,鹿港鎮,崙海段,18,120.42524645032,24.118723174906
108,31,厚固光電股份有限公司,崙尾東二號電廠,108/11/12,893940,92979.81,彰化縣,鹿港鎮,崙海段,17,120.43016523644,24.118741602044
108,32,奇美綠能股份有限公司,奇美綠能園區地面型太陽光電發電廠(第一期),108/12/11,141676,8532,臺南市,善化區,茄拔段二小段,619,120.33091461515,23.127387038666
108,32,奇美綠能股份有限公司,奇美綠能園區地面型太陽光電發電廠(第一期),108/12/11,141676,8532,臺南市,善化區,茄拔段二小段,642-1,120.32947756488,23.126925959413
108,33,聯邦電力股份有限公司,聯邦電力高樹鄉太陽光電發電廠,109/02/15,21924,1079.09,屏東縣,高樹鄉,加蚋埔段,38-8,120.6232512118,22.815642498028
108,33,聯邦電力股份有限公司,聯邦電力高樹鄉太陽光電發電廠,109/02/15,21924,1079.09,屏東縣,高樹鄉,加蚋埔段,38-34,120.62278286997,22.815452146162
108,34,奇美綠能股份有限公司,奇美綠能園區地面型太陽光電發電廠(第二期),108/12/11,158568,6740.28,臺南市,善化區,茄拔段二小段,617,120.33208086429,23.129704583527
108,34,奇美綠能股份有限公司,奇美綠能園區地面型太陽光電發電廠(第二期),108/12/11,158568,6740.28,臺南市,善化區,茄拔段二小段,619,120.33091461515,23.127387038666
108,34,奇美綠能股份有限公司,奇美綠能園區地面型太陽光電發電廠(第二期),108/12/11,158568,6740.28,臺南市,善化區,茄拔段二小段,623,120.33204987097,23.129033592587
108,34,奇美綠能股份有限公司,奇美綠能園區地面型太陽光電發電廠(第二期),108/12/11,158568,6740.28,臺南市,善化區,茄拔段二小段,629,120.33273939279,23.128887122624
108,35,天機電力股份有限公司,雲林麥寮太陽光電發電廠一期-1,108/11/11,221001,26448,雲林縣,麥寮鄉,新吉段,1059,120.25668907972,23.809221143817
108,35,天機電力股份有限公司,雲林麥寮太陽光電發電廠一期-1,108/11/11,221001,26448,雲林縣,麥寮鄉,新吉段,1092,120.25562282308,23.80935110945
108,35,天機電力股份有限公司,雲林麥寮太陽光電發電廠一期-1,108/11/11,221001,26448,雲林縣,麥寮鄉,新吉段,1093,120.25551319521,23.808877878124
108,35,天機電力股份有限公司,雲林麥寮太陽光電發電廠一期-1,108/11/11,221001,26448,雲林縣,麥寮鄉,新吉段,1094,120.25651741322,23.809025673682
108,35,天機電力股份有限公司,雲林麥寮太陽光電發電廠一期-1,108/11/11,221001,26448,雲林縣,麥寮鄉,新吉段,1095,120.25643976497,23.808564036134
108,35,天機電力股份有限公司,雲林麥寮太陽光電發電廠一期-1,108/11/11,221001,26448,雲林縣,麥寮鄉,新吉段,1097,120.25636812784,23.808296451699
108,35,天機電力股份有限公司,雲林麥寮太陽光電發電廠一期-1,108/11/11,221001,26448,雲林縣,麥寮鄉,新吉段,1098,120.25631676509,23.808099901591
108,35,天機電力股份有限公司,雲林麥寮太陽光電發電廠一期-1,108/11/11,221001,26448,雲林縣,麥寮鄉,新吉段,1099,120.25538364612,23.808380349334
108,35,天機電力股份有限公司,雲林麥寮太陽光電發電廠一期-1,108/11/11,221001,26448,雲林縣,麥寮鄉,新吉段,1100,120.25529076901,23.808033540491
108,35,天機電力股份有限公司,雲林麥寮太陽光電發電廠一期-1,108/11/11,221001,26448,雲林縣,麥寮鄉,新吉段,1101,120.25521748676,23.807756638568
108,35,天機電力股份有限公司,雲林麥寮太陽光電發電廠一期-1,108/11/11,221001,26448,雲林縣,麥寮鄉,新吉段,1102,120.25625598135,23.807869537843
108,35,天機電力股份有限公司,雲林麥寮太陽光電發電廠一期-1,108/11/11,221001,26448,雲林縣,麥寮鄉,新吉段,1103,120.25620268523,23.8076738955
108,35,天機電力股份有限公司,雲林麥寮太陽光電發電廠一期-1,108/11/11,221001,26448,雲林縣,麥寮鄉,新吉段,1104,120.25615109833,23.807475531966
108,35,天機電力股份有限公司,雲林麥寮太陽光電發電廠一期-1,108/11/11,221001,26448,雲林縣,麥寮鄉,新吉段,1111,120.25506681448,23.807169525706
108,35,天機電力股份有限公司,雲林麥寮太陽光電發電廠一期-1,108/11/11,221001,26448,雲林縣,麥寮鄉,新吉段,1109,120.25540547417,23.806597958602
108,35,天機電力股份有限公司,雲林麥寮太陽光電發電廠一期-1,108/11/11,221001,26448,雲林縣,麥寮鄉,新吉段,1118,120.25447866527,23.808128135803
108,35,天機電力股份有限公司,雲林麥寮太陽光電發電廠一期-1,108/11/11,221001,26448,雲林縣,麥寮鄉,新吉段,1119,120.25415634557,23.807697527851
108,35,天機電力股份有限公司,雲林麥寮太陽光電發電廠一期-1,108/11/11,221001,26448,雲林縣,麥寮鄉,新吉段,1120,120.25380361007,23.8072397674
108,35,天機電力股份有限公司,雲林麥寮太陽光電發電廠一期-1,108/11/11,221001,26448,雲林縣,麥寮鄉,新吉段,1121,120.25418016847,23.806902275427
108,35,天機電力股份有限公司,雲林麥寮太陽光電發電廠一期-1,108/11/11,221001,26448,雲林縣,麥寮鄉,新吉段,1122,120.25372969586,23.806924765938
108,35,天機電力股份有限公司,雲林麥寮太陽光電發電廠一期-1,108/11/11,221001,26448,雲林縣,麥寮鄉,新吉段,1138,120.25315238452,23.807384477147
108,35,天機電力股份有限公司,雲林麥寮太陽光電發電廠一期-1,108/11/11,221001,26448,雲林縣,麥寮鄉,新吉段,1139,120.25340734653,23.808398236857
108,35,天機電力股份有限公司,雲林麥寮太陽光電發電廠一期-1,108/11/11,221001,26448,雲林縣,麥寮鄉,新吉段,1124,120.25374474554,23.806655217849
108,35,天機電力股份有限公司,雲林麥寮太陽光電發電廠一期-1,108/11/11,221001,26448,雲林縣,麥寮鄉,新吉段,1125,120.25370865958,23.806486306763
108,35,天機電力股份有限公司,雲林麥寮太陽光電發電廠一期-1,108/11/11,221001,26448,雲林縣,麥寮鄉,新吉段,1128,120.25241944565,23.806679792611
108,35,天機電力股份有限公司,雲林麥寮太陽光電發電廠一期-1,108/11/11,221001,26448,雲林縣,麥寮鄉,新吉段,1129,120.25147742908,23.806683179325
108,35,天機電力股份有限公司,雲林麥寮太陽光電發電廠一期-1,108/11/11,221001,26448,雲林縣,麥寮鄉,新吉段,1131,120.25206662755,23.807106277037
108,35,天機電力股份有限公司,雲林麥寮太陽光電發電廠一期-1,108/11/11,221001,26448,雲林縣,麥寮鄉,新吉段,1133,120.2521348662,23.807346182443
108,35,天機電力股份有限公司,雲林麥寮太陽光電發電廠一期-1,108/11/11,221001,26448,雲林縣,麥寮鄉,新吉段,1134,120.25217924829,23.807504829382
108,35,天機電力股份有限公司,雲林麥寮太陽光電發電廠一期-1,108/11/11,221001,26448,雲林縣,麥寮鄉,新吉段,1136,120.25236450266,23.8082027416
108,35,天機電力股份有限公司,雲林麥寮太陽光電發電廠一期-1,108/11/11,221001,26448,雲林縣,麥寮鄉,新吉段,1142,120.25262803744,23.809288435146
108,35,天機電力股份有限公司,雲林麥寮太陽光電發電廠一期-1,108/11/11,221001,26448,雲林縣,麥寮鄉,新吉段,1142-1,120.2526947198,23.80957528752
108,35,天機電力股份有限公司,雲林麥寮太陽光電發電廠一期-1,108/11/11,221001,26448,雲林縣,麥寮鄉,新吉段,1160,120.25107146292,23.807875379917
108,35,天機電力股份有限公司,雲林麥寮太陽光電發電廠一期-1,108/11/11,221001,26448,雲林縣,麥寮鄉,新吉段,1161,120.250906002,23.807452233691
108,35,天機電力股份有限公司,雲林麥寮太陽光電發電廠一期-1,108/11/11,221001,26448,雲林縣,麥寮鄉,新吉段,1162,120.25073827288,23.807168149504
108,35,天機電力股份有限公司,雲林麥寮太陽光電發電廠一期-1,108/11/11,221001,26448,雲林縣,麥寮鄉,新吉段,1163,120.25063891716,23.806796130868
108,35,天機電力股份有限公司,雲林麥寮太陽光電發電廠一期-1,108/11/11,221001,26448,雲林縣,麥寮鄉,豐安段,938,120.22170952332,23.787842889601
108,35,天機電力股份有限公司,雲林麥寮太陽光電發電廠一期-1,108/11/11,221001,26448,雲林縣,麥寮鄉,豐安段,939,120.22278425219,23.787868989557
108,35,天機電力股份有限公司,雲林麥寮太陽光電發電廠一期-1,108/11/11,221001,26448,雲林縣,麥寮鄉,豐安段,943,120.2217384858,23.787323159517
108,35,天機電力股份有限公司,雲林麥寮太陽光電發電廠一期-1,108/11/11,221001,26448,雲林縣,麥寮鄉,豐安段,944,120.22271131643,23.78733521203
108,35,天機電力股份有限公司,雲林麥寮太陽光電發電廠一期-1,108/11/11,221001,26448,雲林縣,麥寮鄉,豐安段,955,120.22341290075,23.789289111737
108,35,天機電力股份有限公司,雲林麥寮太陽光電發電廠一期-1,108/11/11,221001,26448,雲林縣,麥寮鄉,豐安段,956,120.224267098,23.789320291667
108,35,天機電力股份有限公司,雲林麥寮太陽光電發電廠一期-1,108/11/11,221001,26448,雲林縣,麥寮鄉,豐安段,958,120.22525385261,23.789180673623
108,35,天機電力股份有限公司,雲林麥寮太陽光電發電廠一期-1,108/11/11,221001,26448,雲林縣,麥寮鄉,豐安段,959,120.22453536173,23.788961611044
108,35,天機電力股份有限公司,雲林麥寮太陽光電發電廠一期-1,108/11/11,221001,26448,雲林縣,麥寮鄉,豐安段,960,120.22369443943,23.788933755617
108,35,天機電力股份有限公司,雲林麥寮太陽光電發電廠一期-1,108/11/11,221001,26448,雲林縣,麥寮鄉,豐安段,964,120.22354627165,23.788386523831
108,35,天機電力股份有限公司,雲林麥寮太陽光電發電廠一期-1,108/11/11,221001,26448,雲林縣,麥寮鄉,豐安段,965,120.22424623148,23.788404155335
108,35,天機電力股份有限公司,雲林麥寮太陽光電發電廠一期-1,108/11/11,221001,26448,雲林縣,麥寮鄉,豐安段,966,120.22491954041,23.788166384651
108,35,天機電力股份有限公司,雲林麥寮太陽光電發電廠一期-1,108/11/11,221001,26448,雲林縣,麥寮鄉,豐安段,968,120.22426588034,23.78790211381
108,35,天機電力股份有限公司,雲林麥寮太陽光電發電廠一期-1,108/11/11,221001,26448,雲林縣,麥寮鄉,豐安段,969,120.22360412505,23.787881809381
108,35,天機電力股份有限公司,雲林麥寮太陽光電發電廠一期-1,108/11/11,221001,26448,雲林縣,麥寮鄉,豐安段,973,120.22385786375,23.787359030331
108,35,天機電力股份有限公司,雲林麥寮太陽光電發電廠一期-1,108/11/11,221001,26448,雲林縣,麥寮鄉,豐安段,974,120.22454362668,23.787409402103
108,35,天機電力股份有限公司,雲林麥寮太陽光電發電廠一期-1,108/11/11,221001,26448,雲林縣,麥寮鄉,豐安段,977,120.22445578702,23.78692996011
108,35,天機電力股份有限公司,雲林麥寮太陽光電發電廠一期-1,108/11/11,221001,26448,雲林縣,麥寮鄉,豐安段,978,120.22386919978,23.786875499573
108,35,天機電力股份有限公司,雲林麥寮太陽光電發電廠一期-1,108/11/11,221001,26448,雲林縣,麥寮鄉,豐安段,982,120.22408179447,23.786257097531
108,35,天機電力股份有限公司,雲林麥寮太陽光電發電廠一期-1,108/11/11,221001,26448,雲林縣,麥寮鄉,豐安段,983,120.22364449078,23.786288075619
108,35,天機電力股份有限公司,雲林麥寮太陽光電發電廠一期-1,108/11/11,221001,26448,雲林縣,麥寮鄉,豐安段,1117,120.22195417937,23.783408177569
108,35,天機電力股份有限公司,雲林麥寮太陽光電發電廠一期-1,108/11/11,221001,26448,雲林縣,麥寮鄉,豐安段,1117-1,120.22218481973,23.783053691662
108,35,天機電力股份有限公司,雲林麥寮太陽光電發電廠一期-1,108/11/11,221001,26448,雲林縣,麥寮鄉,安西段,13,120.26778037401,23.782175820651
108,36,得禾能源有限公司,台南一期電廠,109/01/21,114,7.44,臺南市,新營區,民權段,105,120.31617382844,23.304295483732
108,37,得禾能源有限公司,台南二期電廠,109/01/21,78,7.44,臺南市,安定區,港口段,2810-21,120.23069150021,23.091995180576
108,38,永宙太陽能電力股份有限公司,永宙一期口湖段太陽光電系統發電計畫(第三階段),109/05/05,10190,934.8,雲林縣,口湖鄉,口湖段,647,120.17612110198,23.595737451691
108,38,永宙太陽能電力股份有限公司,永宙一期口湖段太陽光電系統發電計畫(第三階段),109/05/05,10190,934.8,雲林縣,口湖鄉,口湖段,647-2,120.17610500019,23.594863206839
108,38,永宙太陽能電力股份有限公司,永宙一期口湖段太陽光電系統發電計畫(第三階段),109/05/05,10190,934.8,雲林縣,口湖鄉,口湖段,682-2,120.17673532941,23.59449514706
108,39,永宙太陽能電力股份有限公司,永宙1-4期口湖段太陽光電發電廠,109/05/13,51687,5939.4,雲林縣,口湖鄉,口湖段,650-2,120.17493778921,23.596138622729
108,39,永宙太陽能電力股份有限公司,永宙1-4期口湖段太陽光電發電廠,109/05/13,51687,5939.4,雲林縣,口湖鄉,口湖段,650-3,120.17497855311,23.596376188258
108,39,永宙太陽能電力股份有限公司,永宙1-4期口湖段太陽光電發電廠,109/05/13,51687,5939.4,雲林縣,口湖鄉,口湖段,649,120.17636320057,23.596436802663
108,39,永宙太陽能電力股份有限公司,永宙1-4期口湖段太陽光電發電廠,109/05/13,51687,5939.4,雲林縣,口湖鄉,口湖段,683,120.1763227846,23.594309725129
108,39,永宙太陽能電力股份有限公司,永宙1-4期口湖段太陽光電發電廠,109/05/13,51687,5939.4,雲林縣,口湖鄉,口湖段,684,120.17588552832,23.594438639162
108,39,永宙太陽能電力股份有限公司,永宙1-4期口湖段太陽光電發電廠,109/05/13,51687,5939.4,雲林縣,口湖鄉,口湖段,684-10,120.17591189512,23.593833109978
108,39,永宙太陽能電力股份有限公司,永宙1-4期口湖段太陽光電發電廠,109/05/13,51687,5939.4,雲林縣,口湖鄉,口湖段,684-11,120.17565759353,23.593313483219
108,39,永宙太陽能電力股份有限公司,永宙1-4期口湖段太陽光電發電廠,109/05/13,51687,5939.4,雲林縣,口湖鄉,口湖段,646-2,120.17512002342,23.595023156971
108,39,永宙太陽能電力股份有限公司,永宙1-4期口湖段太陽光電發電廠,109/05/13,51687,5939.4,雲林縣,口湖鄉,口湖段,624-7,120.1741585315,23.594217142968
108,39,永宙太陽能電力股份有限公司,永宙1-4期口湖段太陽光電發電廠,109/05/13,51687,5939.4,雲林縣,口湖鄉,口湖段,624-2,120.17449100026,23.595156447974
108,39,永宙太陽能電力股份有限公司,永宙1-4期口湖段太陽光電發電廠,109/05/13,51687,5939.4,雲林縣,口湖鄉,口湖段,626,120.1736023078,23.595336462948
108,39,永宙太陽能電力股份有限公司,永宙1-4期口湖段太陽光電發電廠,109/05/13,51687,5939.4,雲林縣,口湖鄉,口湖段,624-6,120.17438637775,23.594755867317
108,40,天機電力股份有限公司,雲林麥寮太陽光電發電廠一期-2,109/03/06,221001,3820.16,雲林縣,麥寮鄉,中山段,941,120.23371036373,23.804912482412
108,40,天機電力股份有限公司,雲林麥寮太陽光電發電廠一期-2,109/03/06,221001,3820.16,雲林縣,麥寮鄉,中山段,942,120.23362574041,23.804969812199
108,40,天機電力股份有限公司,雲林麥寮太陽光電發電廠一期-2,109/03/06,221001,3820.16,雲林縣,麥寮鄉,中山段,943,120.23339264354,23.805129311568
108,40,天機電力股份有限公司,雲林麥寮太陽光電發電廠一期-2,109/03/06,221001,3820.16,雲林縣,麥寮鄉,中山段,944,120.23324773154,23.80549773767
108,40,天機電力股份有限公司,雲林麥寮太陽光電發電廠一期-2,109/03/06,221001,3820.16,雲林縣,麥寮鄉,中山段,946,120.23302792689,23.80565174452
108,40,天機電力股份有限公司,雲林麥寮太陽光電發電廠一期-2,109/03/06,221001,3820.16,雲林縣,麥寮鄉,中山段,948,120.23274740457,23.805837333747
108,40,天機電力股份有限公司,雲林麥寮太陽光電發電廠一期-2,109/03/06,221001,3820.16,雲林縣,麥寮鄉,中山段,950,120.23243735342,23.806061147253
108,40,天機電力股份有限公司,雲林麥寮太陽光電發電廠一期-2,109/03/06,221001,3820.16,雲林縣,麥寮鄉,中山段,955,120.23351273425,23.803973785677
108,40,天機電力股份有限公司,雲林麥寮太陽光電發電廠一期-2,109/03/06,221001,3820.16,雲林縣,麥寮鄉,中山段,957,120.23332952702,23.804104899235
108,40,天機電力股份有限公司,雲林麥寮太陽光電發電廠一期-2,109/03/06,221001,3820.16,雲林縣,麥寮鄉,中山段,959,120.23311659041,23.804251137036
108,40,天機電力股份有限公司,雲林麥寮太陽光電發電廠一期-2,109/03/06,221001,3820.16,雲林縣,麥寮鄉,中山段,961,120.23283109539,23.80445320018
108,40,天機電力股份有限公司,雲林麥寮太陽光電發電廠一期-2,109/03/06,221001,3820.16,雲林縣,麥寮鄉,中山段,963,120.23254225353,23.804645207795
108,40,天機電力股份有限公司,雲林麥寮太陽光電發電廠一期-2,109/03/06,221001,3820.16,雲林縣,麥寮鄉,中山段,965,120.2323237056,23.804794856802
108,40,天機電力股份有限公司,雲林麥寮太陽光電發電廠一期-2,109/03/06,221001,3820.16,雲林縣,麥寮鄉,中山段,967,120.23204693101,23.804992542988
108,40,天機電力股份有限公司,雲林麥寮太陽光電發電廠一期-2,109/03/06,221001,3820.16,雲林縣,麥寮鄉,中山段,969,120.23172897975,23.805207478602
108,41,佳冬能源股份有限公司,屏東縣內埔鄉建興段太陽光電發電業,109/05/01,19410,1985.92,屏東縣,內埔鄉,建興段,418,120.56993227425,22.661511042769
108,41,佳冬能源股份有限公司,屏東縣內埔鄉建興段太陽光電發電業,109/05/01,19410,1985.92,屏東縣,內埔鄉,建興段,421,120.56909031726,22.661554659679
108,41,佳冬能源股份有限公司,屏東縣內埔鄉建興段太陽光電發電業,109/05/01,19410,1985.92,屏東縣,內埔鄉,建興段,426,120.56804554044,22.661614657973
108,42,銧昊股份有限公司,銧昊第一期太陽能電廠,109/04/08,17406,1884.18,屏東縣,新埤鄉,上萬安段,5,120.57371488323,22.511750248225
108,42,銧昊股份有限公司,銧昊第一期太陽能電廠,109/04/08,17406,1884.18,屏東縣,新埤鄉,上萬安段,33,120.57384459918,22.511558172579
108,42,銧昊股份有限公司,銧昊第一期太陽能電廠,109/04/08,17406,1884.18,屏東縣,新埤鄉,上萬安段,34,120.57398203966,22.511308728616
108,43,成勁電力股份有限公司,成勁三期雲林口湖地面型太陽光電發電廠,109/01/31,15317,1990.8,雲林縣,口湖鄉,下崙段,1493,120.15826623784,23.622355404949
108,43,成勁電力股份有限公司,成勁三期雲林口湖地面型太陽光電發電廠,109/01/31,15317,1990.8,雲林縣,口湖鄉,下崙段,1494,120.1579380427,23.622365076605
108,43,成勁電力股份有限公司,成勁三期雲林口湖地面型太陽光電發電廠,109/01/31,15317,1990.8,雲林縣,口湖鄉,下崙段,1500,120.15613375077,23.622426154885
108,43,成勁電力股份有限公司,成勁三期雲林口湖地面型太陽光電發電廠,109/01/31,15317,1990.8,雲林縣,口湖鄉,下崙段,1501,120.15581063681,23.622432118701
108,43,成勁電力股份有限公司,成勁三期雲林口湖地面型太陽光電發電廠,109/01/31,15317,1990.8,雲林縣,口湖鄉,下崙段,1510,120.15416584698,23.622821972551
108,43,成勁電力股份有限公司,成勁三期雲林口湖地面型太陽光電發電廠,109/01/31,15317,1990.8,雲林縣,口湖鄉,下崙段,1511,120.15372486724,23.62282985971
108,44,城市發展電業股份有限公司,屏東林邊鎮安太陽光電發電廠-第一期,109/03/03,69179,6884.46,屏東縣,林邊鄉,鎮安段,915,120.5010737085,22.451355598918
108,44,城市發展電業股份有限公司,屏東林邊鎮安太陽光電發電廠-第一期,109/03/03,69179,6884.46,屏東縣,林邊鄉,鎮安段,919,120.50139584996,22.451299197167
108,44,城市發展電業股份有限公司,屏東林邊鎮安太陽光電發電廠-第一期,109/03/03,69179,6884.46,屏東縣,林邊鄉,鎮安段,949,120.50200556838,22.451371980779
108,44,城市發展電業股份有限公司,屏東林邊鎮安太陽光電發電廠-第一期,109/03/03,69179,6884.46,屏東縣,林邊鄉,鎮安段,950,120.50222195384,22.451003490608
108,44,城市發展電業股份有限公司,屏東林邊鎮安太陽光電發電廠-第一期,109/03/03,69179,6884.46,屏東縣,林邊鄉,鎮安段,951,120.50159086207,22.450904174473
108,44,城市發展電業股份有限公司,屏東林邊鎮安太陽光電發電廠-第一期,109/03/03,69179,6884.46,屏東縣,林邊鄉,鎮安段,963,120.50268848859,22.450408430494
108,44,城市發展電業股份有限公司,屏東林邊鎮安太陽光電發電廠-第一期,109/03/03,69179,6884.46,屏東縣,林邊鄉,鎮安段,1027,120.50645818942,22.451598601372
108,44,城市發展電業股份有限公司,屏東林邊鎮安太陽光電發電廠-第一期,109/03/03,69179,6884.46,屏東縣,林邊鄉,鎮安段,1033,120.50639701082,22.453325627825
108,44,城市發展電業股份有限公司,屏東林邊鎮安太陽光電發電廠-第一期,109/03/03,69179,6884.46,屏東縣,林邊鄉,鎮安段,1044,120.50771838975,22.453430487286
108,44,城市發展電業股份有限公司,屏東林邊鎮安太陽光電發電廠-第一期,109/03/03,69179,6884.46,屏東縣,林邊鄉,鎮安段,1045,120.50814252707,22.453092890885
108,44,城市發展電業股份有限公司,屏東林邊鎮安太陽光電發電廠-第一期,109/03/03,69179,6884.46,屏東縣,林邊鄉,鎮安段,1070,120.50906660686,22.45497349981
108,44,城市發展電業股份有限公司,屏東林邊鎮安太陽光電發電廠-第一期,109/03/03,69179,6884.46,屏東縣,林邊鄉,鎮安段,1071,120.50925263749,22.454424894945
108,44,城市發展電業股份有限公司,屏東林邊鎮安太陽光電發電廠-第一期,109/03/03,69179,6884.46,屏東縣,林邊鄉,鎮安段,1078,120.5093787086,22.453615401508
108,44,城市發展電業股份有限公司,屏東林邊鎮安太陽光電發電廠-第一期,109/03/03,69179,6884.46,屏東縣,林邊鄉,鎮安段,1080,120.50884022048,22.453797335566
108,44,城市發展電業股份有限公司,屏東林邊鎮安太陽光電發電廠-第一期,109/03/03,69179,6884.46,屏東縣,林邊鄉,鎮安段,1081,120.50854327753,22.45351229478
108,44,城市發展電業股份有限公司,屏東林邊鎮安太陽光電發電廠-第一期,109/03/03,69179,6884.46,屏東縣,林邊鄉,鎮安段,1083,120.50904564196,22.453252506144
108,44,城市發展電業股份有限公司,屏東林邊鎮安太陽光電發電廠-第一期,109/03/03,69179,6884.46,屏東縣,林邊鄉,鎮安段,1099,120.509632642,22.452589489315
108,44,城市發展電業股份有限公司,屏東林邊鎮安太陽光電發電廠-第一期,109/03/03,69179,6884.46,屏東縣,林邊鄉,鎮安段,1103,120.50909942306,22.452226432702
108,44,城市發展電業股份有限公司,屏東林邊鎮安太陽光電發電廠-第一期,109/03/03,69179,6884.46,屏東縣,林邊鄉,鎮安段,1111,120.50817202984,22.451701717122
108,44,城市發展電業股份有限公司,屏東林邊鎮安太陽光電發電廠-第一期,109/03/03,69179,6884.46,屏東縣,林邊鄉,鎮安段,1231,120.50378658413,22.449380388604
108,45,禾迅一號股份有限公司,台南學甲地面型太陽光電發電系統工程,109/03/02,417912,51769.9,臺南市,鹽水區,飯店段,2711,120.19593868173,23.269987975444
108,45,禾迅一號股份有限公司,台南學甲地面型太陽光電發電系統工程,109/03/02,417912,51769.9,臺南市,鹽水區,飯店段,2712,120.19606999141,23.270060498418
108,45,禾迅一號股份有限公司,台南學甲地面型太陽光電發電系統工程,109/03/02,417912,51769.9,臺南市,鹽水區,飯店段,2714,120.19640347835,23.270237723121
108,45,禾迅一號股份有限公司,台南學甲地面型太陽光電發電系統工程,109/03/02,417912,51769.9,臺南市,鹽水區,飯店段,2715,120.1965893987,23.270340157678
108,45,禾迅一號股份有限公司,台南學甲地面型太陽光電發電系統工程,109/03/02,417912,51769.9,臺南市,鹽水區,飯店段,2728,120.19611396817,23.269009263853
108,45,禾迅一號股份有限公司,台南學甲地面型太陽光電發電系統工程,109/03/02,417912,51769.9,臺南市,鹽水區,飯店段,2729,120.19597946478,23.268936725888
108,45,禾迅一號股份有限公司,台南學甲地面型太陽光電發電系統工程,109/03/02,417912,51769.9,臺南市,鹽水區,飯店段,2730,120.19583562396,23.268859700284
108,45,禾迅一號股份有限公司,台南學甲地面型太陽光電發電系統工程,109/03/02,417912,51769.9,臺南市,鹽水區,飯店段,2720,120.19741007512,23.269709379422
108,45,禾迅一號股份有限公司,台南學甲地面型太陽光電發電系統工程,109/03/02,417912,51769.9,臺南市,鹽水區,飯店段,2721,120.19718952535,23.269589246985
108,45,禾迅一號股份有限公司,台南學甲地面型太陽光電發電系統工程,109/03/02,417912,51769.9,臺南市,鹽水區,飯店段,2754,120.19402600764,23.26691714358
108,45,禾迅一號股份有限公司,台南學甲地面型太陽光電發電系統工程,109/03/02,417912,51769.9,臺南市,鹽水區,飯店段,2755,120.19431061136,23.266961498537
108,45,禾迅一號股份有限公司,台南學甲地面型太陽光電發電系統工程,109/03/02,417912,51769.9,臺南市,鹽水區,飯店段,2756,120.19454473438,23.267070850542
108,45,禾迅一號股份有限公司,台南學甲地面型太陽光電發電系統工程,109/03/02,417912,51769.9,臺南市,鹽水區,飯店段,2761,120.19561986969,23.267630852695
108,45,禾迅一號股份有限公司,台南學甲地面型太陽光電發電系統工程,109/03/02,417912,51769.9,臺南市,鹽水區,飯店段,2762-1,120.19578687476,23.267721334183
108,45,禾迅一號股份有限公司,台南學甲地面型太陽光電發電系統工程,109/03/02,417912,51769.9,臺南市,鹽水區,飯店段,2769,120.19650660578,23.268103236681
108,45,禾迅一號股份有限公司,台南學甲地面型太陽光電發電系統工程,109/03/02,417912,51769.9,臺南市,鹽水區,飯店段,2771,120.19671782986,23.268217393008
108,45,禾迅一號股份有限公司,台南學甲地面型太陽光電發電系統工程,109/03/02,417912,51769.9,臺南市,鹽水區,飯店段,2773,120.19702388227,23.268381151174
108,45,禾迅一號股份有限公司,台南學甲地面型太陽光電發電系統工程,109/03/02,417912,51769.9,臺南市,鹽水區,飯店段,2774,120.19723669859,23.268496564499
108,45,禾迅一號股份有限公司,台南學甲地面型太陽光電發電系統工程,109/03/02,417912,51769.9,臺南市,鹽水區,飯店段,2776,120.19756992064,23.268673539791
108,45,禾迅一號股份有限公司,台南學甲地面型太陽光電發電系統工程,109/03/02,417912,51769.9,臺南市,鹽水區,飯店段,2777,120.19773959462,23.268765755503
108,45,禾迅一號股份有限公司,台南學甲地面型太陽光電發電系統工程,109/03/02,417912,51769.9,臺南市,鹽水區,飯店段,2778,120.19788555787,23.268843270421
108,45,禾迅一號股份有限公司,台南學甲地面型太陽光電發電系統工程,109/03/02,417912,51769.9,臺南市,鹽水區,飯店段,2779,120.19804963853,23.26893373726
108,45,禾迅一號股份有限公司,台南學甲地面型太陽光電發電系統工程,109/03/02,417912,51769.9,臺南市,鹽水區,飯店段,2780,120.19819665923,23.268995554138
108,45,禾迅一號股份有限公司,台南學甲地面型太陽光電發電系統工程,109/03/02,417912,51769.9,臺南市,鹽水區,飯店段,2804,120.19529046105,23.266373286008
108,45,禾迅一號股份有限公司,台南學甲地面型太陽光電發電系統工程,109/03/02,417912,51769.9,臺南市,鹽水區,飯店段,2805,120.19511360106,23.266279062514
108,45,禾迅一號股份有限公司,台南學甲地面型太陽光電發電系統工程,109/03/02,417912,51769.9,臺南市,鹽水區,飯店段,2799,120.19628954949,23.266918113586
108,45,禾迅一號股份有限公司,台南學甲地面型太陽光電發電系統工程,109/03/02,417912,51769.9,臺南市,鹽水區,飯店段,2800,120.19611880858,23.266820444602
108,45,禾迅一號股份有限公司,台南學甲地面型太陽光電發電系統工程,109/03/02,417912,51769.9,臺南市,鹽水區,飯店段,2790,120.19763222619,23.267642895789
108,45,禾迅一號股份有限公司,台南學甲地面型太陽光電發電系統工程,109/03/02,417912,51769.9,臺南市,鹽水區,飯店段,2791,120.19745189348,23.267542944918
108,45,禾迅一號股份有限公司,台南學甲地面型太陽光電發電系統工程,109/03/02,417912,51769.9,臺南市,鹽水區,飯店段,2784,120.19850083939,23.268107260806
108,45,禾迅一號股份有限公司,台南學甲地面型太陽光電發電系統工程,109/03/02,417912,51769.9,臺南市,鹽水區,飯店段,2785,120.19836045549,23.268032730735
108,45,禾迅一號股份有限公司,台南學甲地面型太陽光電發電系統工程,109/03/02,417912,51769.9,臺南市,鹽水區,飯店段,2786,120.19826883369,23.267981645501
108,45,禾迅一號股份有限公司,台南學甲地面型太陽光電發電系統工程,109/03/02,417912,51769.9,臺南市,鹽水區,飯店段,2677,120.19589750769,23.270701004543
108,45,禾迅一號股份有限公司,台南學甲地面型太陽光電發電系統工程,109/03/02,417912,51769.9,臺南市,鹽水區,飯店段,2692,120.19300414682,23.268211141332
108,45,禾迅一號股份有限公司,台南學甲地面型太陽光電發電系統工程,109/03/02,417912,51769.9,臺南市,鹽水區,飯店段,2745,120.19334020957,23.267593431761
108,45,禾迅一號股份有限公司,台南學甲地面型太陽光電發電系統工程,109/03/02,417912,51769.9,臺南市,北門區,溪底寮段三寮灣小段,855-1,120.10375761287,23.234409942705
108,45,禾迅一號股份有限公司,台南學甲地面型太陽光電發電系統工程,109/03/02,417912,51769.9,臺南市,北門區,溪底寮段三寮灣小段,856,120.10339501757,23.234212739197
108,45,禾迅一號股份有限公司,台南學甲地面型太陽光電發電系統工程,109/03/02,417912,51769.9,臺南市,北門區,溪底寮段三寮灣小段,856-3,120.10346246338,23.233472044401
108,45,禾迅一號股份有限公司,台南學甲地面型太陽光電發電系統工程,109/03/02,417912,51769.9,臺南市,北門區,溪底寮段三寮灣小段,857,120.1031685716,23.233258278723
108,45,禾迅一號股份有限公司,台南學甲地面型太陽光電發電系統工程,109/03/02,417912,51769.9,臺南市,北門區,溪底寮段三寮灣小段,857-1,120.10306519183,23.234055946404
108,45,禾迅一號股份有限公司,台南學甲地面型太陽光電發電系統工程,109/03/02,417912,51769.9,臺南市,北門區,溪底寮段三寮灣小段,857-2,120.10312063922,23.233663168419
108,45,禾迅一號股份有限公司,台南學甲地面型太陽光電發電系統工程,109/03/02,417912,51769.9,臺南市,北門區,溪底寮段三寮灣小段,857-3,120.103139231,23.233479554405
108,45,禾迅一號股份有限公司,台南學甲地面型太陽光電發電系統工程,109/03/02,417912,51769.9,臺南市,北門區,溪底寮段三寮灣小段,858,120.10240593705,23.233867987362
108,45,禾迅一號股份有限公司,台南學甲地面型太陽光電發電系統工程,109/03/02,417912,51769.9,臺南市,北門區,溪底寮段三寮灣小段,859,120.10281642255,23.233967171047
108,45,禾迅一號股份有限公司,台南學甲地面型太陽光電發電系統工程,109/03/02,417912,51769.9,臺南市,北門區,溪底寮段三寮灣小段,859-2,120.10201317509,23.23358055622
108,45,禾迅一號股份有限公司,台南學甲地面型太陽光電發電系統工程,109/03/02,417912,51769.9,臺南市,北門區,溪底寮段三寮灣小段,859-3,120.10204720806,23.233275284258
108,45,禾迅一號股份有限公司,台南學甲地面型太陽光電發電系統工程,109/03/02,417912,51769.9,臺南市,北門區,溪底寮段三寮灣小段,859-4,120.10206293083,23.23317158664
108,45,禾迅一號股份有限公司,台南學甲地面型太陽光電發電系統工程,109/03/02,417912,51769.9,臺南市,北門區,溪底寮段三寮灣小段,866,120.10180708245,23.233141293293
108,45,禾迅一號股份有限公司,台南學甲地面型太陽光電發電系統工程,109/03/02,417912,51769.9,臺南市,北門區,溪底寮段三寮灣小段,866-1,120.10179445204,23.233227964811
108,45,禾迅一號股份有限公司,台南學甲地面型太陽光電發電系統工程,109/03/02,417912,51769.9,臺南市,北門區,溪底寮段三寮灣小段,866-2,120.10176136657,23.233490475083
108,45,禾迅一號股份有限公司,台南學甲地面型太陽光電發電系統工程,109/03/02,417912,51769.9,臺南市,北門區,溪底寮段三寮灣小段,868,120.10133381901,23.233217505365
108,45,禾迅一號股份有限公司,台南學甲地面型太陽光電發電系統工程,109/03/02,417912,51769.9,臺南市,北門區,溪底寮段三寮灣小段,868-1,120.10158504328,23.233188661854
108,45,禾迅一號股份有限公司,台南學甲地面型太陽光電發電系統工程,109/03/02,417912,51769.9,臺南市,北門區,溪底寮段三寮灣小段,877,120.09915544546,23.232363471993
108,45,禾迅一號股份有限公司,台南學甲地面型太陽光電發電系統工程,109/03/02,417912,51769.9,臺南市,北門區,溪底寮段三寮灣小段,877-1,120.09945967403,23.231101780764
108,45,禾迅一號股份有限公司,台南學甲地面型太陽光電發電系統工程,109/03/02,417912,51769.9,臺南市,北門區,溪底寮段三寮灣小段,877-2,120.09872810336,23.230821700666
108,45,禾迅一號股份有限公司,台南學甲地面型太陽光電發電系統工程,109/03/02,417912,51769.9,臺南市,北門區,溪底寮段三寮灣小段,888,120.09783631663,23.230716938883
108,45,禾迅一號股份有限公司,台南學甲地面型太陽光電發電系統工程,109/03/02,417912,51769.9,臺南市,北門區,溪底寮段三寮灣小段,889,120.09647901336,23.231133944969
108,45,禾迅一號股份有限公司,台南學甲地面型太陽光電發電系統工程,109/03/02,417912,51769.9,臺南市,學甲區,宅子港段,163-297,120.19466355682,23.248780627586
108,45,禾迅一號股份有限公司,台南學甲地面型太陽光電發電系統工程,109/03/02,417912,51769.9,臺南市,學甲區,宅子港段,163-305,120.19566061443,23.249750773301
108,45,禾迅一號股份有限公司,台南學甲地面型太陽光電發電系統工程,109/03/02,417912,51769.9,臺南市,學甲區,宅子港段,163-309,120.19584778892,23.250126691543
108,45,禾迅一號股份有限公司,台南學甲地面型太陽光電發電系統工程,109/03/02,417912,51769.9,臺南市,學甲區,宅子港段,163-310,120.19591766879,23.250279553453
108,45,禾迅一號股份有限公司,台南學甲地面型太陽光電發電系統工程,109/03/02,417912,51769.9,臺南市,學甲區,宅子港段,163-311,120.1959866594,23.250433255591
108,45,禾迅一號股份有限公司,台南學甲地面型太陽光電發電系統工程,109/03/02,417912,51769.9,臺南市,學甲區,宅子港段,163-312,120.19608380922,23.250576564035
108,45,禾迅一號股份有限公司,台南學甲地面型太陽光電發電系統工程,109/03/02,417912,51769.9,臺南市,學甲區,宅子港段,163-299,120.19485808337,23.249057837055
108,45,禾迅一號股份有限公司,台南學甲地面型太陽光電發電系統工程,109/03/02,417912,51769.9,臺南市,學甲區,宅子港段,163-300,120.194940861,23.24924206764
108,45,禾迅一號股份有限公司,台南學甲地面型太陽光電發電系統工程,109/03/02,417912,51769.9,臺南市,學甲區,宅子港段,165-528,120.20254188003,23.244937680681
108,45,禾迅一號股份有限公司,台南學甲地面型太陽光電發電系統工程,109/03/02,417912,51769.9,臺南市,學甲區,宅子港段,165-529,120.20252398963,23.245636687214
108,45,禾迅一號股份有限公司,台南學甲地面型太陽光電發電系統工程,109/03/02,417912,51769.9,臺南市,北門區,麗湖段,281,120.14551207135,23.271018756557
108,45,禾迅一號股份有限公司,台南學甲地面型太陽光電發電系統工程,109/03/02,417912,51769.9,臺南市,北門區,麗湖段,318,120.14510718786,23.271862845288
108,45,禾迅一號股份有限公司,台南學甲地面型太陽光電發電系統工程,109/03/02,417912,51769.9,臺南市,北門區,麗湖段,319,120.14486660844,23.272025628722
108,45,禾迅一號股份有限公司,台南學甲地面型太陽光電發電系統工程,109/03/02,417912,51769.9,臺南市,北門區,麗湖段,320,120.1441561495,23.27212176
108,45,禾迅一號股份有限公司,台南學甲地面型太陽光電發電系統工程,109/03/02,417912,51769.9,臺南市,北門區,麗湖段,323,120.143351968,23.271627477438
108,45,禾迅一號股份有限公司,台南學甲地面型太陽光電發電系統工程,109/03/02,417912,51769.9,臺南市,北門區,麗湖段,324,120.14415621014,23.271764600003
108,45,禾迅一號股份有限公司,台南學甲地面型太陽光電發電系統工程,109/03/02,417912,51769.9,臺南市,北門區,麗湖段,325,120.14359318517,23.271394609439
108,45,禾迅一號股份有限公司,台南學甲地面型太陽光電發電系統工程,109/03/02,417912,51769.9,臺南市,北門區,麗湖段,326,120.14450323434,23.271668393463
108,45,禾迅一號股份有限公司,台南學甲地面型太陽光電發電系統工程,109/03/02,417912,51769.9,臺南市,北門區,麗湖段,327,120.14444375182,23.271454376385
108,45,禾迅一號股份有限公司,台南學甲地面型太陽光電發電系統工程,109/03/02,417912,51769.9,臺南市,北門區,麗湖段,328,120.14480415425,23.271163615773
108,45,禾迅一號股份有限公司,台南學甲地面型太陽光電發電系統工程,109/03/02,417912,51769.9,臺南市,北門區,麗湖段,329,120.14504726279,23.270863965529
108,45,禾迅一號股份有限公司,台南學甲地面型太陽光電發電系統工程,109/03/02,417912,51769.9,臺南市,北門區,麗湖段,335,120.14464692558,23.270531503953
108,45,禾迅一號股份有限公司,台南學甲地面型太陽光電發電系統工程,109/03/02,417912,51769.9,臺南市,北門區,麗湖段,339,120.14422073533,23.270529721569
108,45,禾迅一號股份有限公司,台南學甲地面型太陽光電發電系統工程,109/03/02,417912,51769.9,臺南市,北門區,麗湖段,345,120.14411887497,23.270751683279
108,45,禾迅一號股份有限公司,台南學甲地面型太陽光電發電系統工程,109/03/02,417912,51769.9,臺南市,北門區,麗湖段,406,120.14461437393,23.268502688411
108,45,禾迅一號股份有限公司,台南學甲地面型太陽光電發電系統工程,109/03/02,417912,51769.9,臺南市,北門區,麗湖段,407,120.1444406598,23.268292742417
108,45,禾迅一號股份有限公司,台南學甲地面型太陽光電發電系統工程,109/03/02,417912,51769.9,臺南市,北門區,麗湖段,408,120.14424719238,23.268059081835
108,45,禾迅一號股份有限公司,台南學甲地面型太陽光電發電系統工程,109/03/02,417912,51769.9,臺南市,北門區,麗湖段,411,120.1448439713,23.268114447014
108,45,禾迅一號股份有限公司,台南學甲地面型太陽光電發電系統工程,109/03/02,417912,51769.9,臺南市,北門區,麗湖段,412,120.14493798033,23.268010757033
108,45,禾迅一號股份有限公司,台南學甲地面型太陽光電發電系統工程,109/03/02,417912,51769.9,臺南市,北門區,麗湖段,413,120.14502233567,23.267806383363
108,45,禾迅一號股份有限公司,台南學甲地面型太陽光電發電系統工程,109/03/02,417912,51769.9,臺南市,北門區,麗湖段,219,120.14761522451,23.266541642273
108,45,禾迅一號股份有限公司,台南學甲地面型太陽光電發電系統工程,109/03/02,417912,51769.9,臺南市,北門區,麗湖段,222,120.14730689909,23.266746477553
108,45,禾迅一號股份有限公司,台南學甲地面型太陽光電發電系統工程,109/03/02,417912,51769.9,臺南市,北門區,麗湖段,224,120.14710215026,23.266830419831
108,45,禾迅一號股份有限公司,台南學甲地面型太陽光電發電系統工程,109/03/02,417912,51769.9,臺南市,北門區,麗湖段,228,120.14658984311,23.267124356439
108,45,禾迅一號股份有限公司,台南學甲地面型太陽光電發電系統工程,109/03/02,417912,51769.9,臺南市,北門區,麗湖段,243,120.14778020004,23.267504656002
108,45,禾迅一號股份有限公司,台南學甲地面型太陽光電發電系統工程,109/03/02,417912,51769.9,臺南市,北門區,麗湖段,243-1,120.14755413903,23.267541818364
108,45,禾迅一號股份有限公司,台南學甲地面型太陽光電發電系統工程,109/03/02,417912,51769.9,臺南市,北門區,麗湖段,243-2,120.14730619572,23.267587240416
108,45,禾迅一號股份有限公司,台南學甲地面型太陽光電發電系統工程,109/03/02,417912,51769.9,臺南市,北門區,麗湖段,243-3,120.14701467345,23.267647168645
108,45,禾迅一號股份有限公司,台南學甲地面型太陽光電發電系統工程,109/03/02,417912,51769.9,臺南市,北門區,麗湖段,244,120.14611294225,23.268376327253
108,45,禾迅一號股份有限公司,台南學甲地面型太陽光電發電系統工程,109/03/02,417912,51769.9,臺南市,北門區,麗湖段,247,120.14787923303,23.268106001618
108,45,禾迅一號股份有限公司,台南學甲地面型太陽光電發電系統工程,109/03/02,417912,51769.9,臺南市,北門區,麗湖段,250,120.14625785035,23.269195197973
108,45,禾迅一號股份有限公司,台南學甲地面型太陽光電發電系統工程,109/03/02,417912,51769.9,臺南市,北門區,麗湖段,251-1,120.14686794649,23.269596594756
108,45,禾迅一號股份有限公司,台南學甲地面型太陽光電發電系統工程,109/03/02,417912,51769.9,臺南市,北門區,麗湖段,251-2,120.14657634504,23.26927201822
108,45,禾迅一號股份有限公司,台南學甲地面型太陽光電發電系統工程,109/03/02,417912,51769.9,臺南市,北門區,麗湖段,252,120.14759233744,23.269028577923
108,45,禾迅一號股份有限公司,台南學甲地面型太陽光電發電系統工程,109/03/02,417912,51769.9,臺南市,北門區,麗湖段,270,120.14492836578,23.268908465195
108,45,禾迅一號股份有限公司,台南學甲地面型太陽光電發電系統工程,109/03/02,417912,51769.9,臺南市,北門區,麗湖段,275,120.14477598767,23.268786995305
108,45,禾迅一號股份有限公司,台南學甲地面型太陽光電發電系統工程,109/03/02,417912,51769.9,臺南市,北門區,麗湖段,276,120.14523405146,23.268584380802
108,45,禾迅一號股份有限公司,台南學甲地面型太陽光電發電系統工程,109/03/02,417912,51769.9,臺南市,北門區,麗湖段,121,120.14875195713,23.268042094635
108,45,禾迅一號股份有限公司,台南學甲地面型太陽光電發電系統工程,109/03/02,417912,51769.9,臺南市,北門區,麗湖段,137,120.14906129222,23.266819644653
108,45,禾迅一號股份有限公司,台南學甲地面型太陽光電發電系統工程,109/03/02,417912,51769.9,臺南市,北門區,麗湖段,139,120.14902932869,23.267167337648
108,45,禾迅一號股份有限公司,台南學甲地面型太陽光電發電系統工程,109/03/02,417912,51769.9,臺南市,北門區,麗湖段,142,120.14834482364,23.266538489119
108,45,禾迅一號股份有限公司,台南學甲地面型太陽光電發電系統工程,109/03/02,417912,51769.9,臺南市,北門區,麗湖段,143,120.14850528851,23.266452465685
108,45,禾迅一號股份有限公司,台南學甲地面型太陽光電發電系統工程,109/03/02,417912,51769.9,臺南市,北門區,麗湖段,144,120.14819459126,23.266169285325
108,45,禾迅一號股份有限公司,台南學甲地面型太陽光電發電系統工程,109/03/02,417912,51769.9,臺南市,北門區,麗湖段,131,120.1507807134,23.267327357767
108,45,禾迅一號股份有限公司,台南學甲地面型太陽光電發電系統工程,109/03/02,417912,51769.9,臺南市,北門區,麗湖段,133,120.15070316008,23.267569759614
108,45,禾迅一號股份有限公司,台南學甲地面型太陽光電發電系統工程,109/03/02,417912,51769.9,臺南市,北門區,麗湖段,134,120.14993560508,23.267206978843
108,45,禾迅一號股份有限公司,台南學甲地面型太陽光電發電系統工程,109/03/02,417912,51769.9,臺南市,北門區,麗湖段,151,120.14881546294,23.266018811278
108,45,禾迅一號股份有限公司,台南學甲地面型太陽光電發電系統工程,109/03/02,417912,51769.9,臺南市,北門區,麗湖段,153,120.14931373346,23.266287383813
108,45,禾迅一號股份有限公司,台南學甲地面型太陽光電發電系統工程,109/03/02,417912,51769.9,臺南市,北門區,麗湖段,155,120.14910170736,23.26575999204
108,45,禾迅一號股份有限公司,台南學甲地面型太陽光電發電系統工程,109/03/02,417912,51769.9,臺南市,北門區,麗湖段,156,120.14982903787,23.266603222654
108,45,禾迅一號股份有限公司,台南學甲地面型太陽光電發電系統工程,109/03/02,417912,51769.9,臺南市,北門區,麗湖段,159,120.14949110087,23.265936611163
108,45,禾迅一號股份有限公司,台南學甲地面型太陽光電發電系統工程,109/03/02,417912,51769.9,臺南市,北門區,麗湖段,122,120.14849154231,23.26879991479
108,45,禾迅一號股份有限公司,台南學甲地面型太陽光電發電系統工程,109/03/02,417912,51769.9,臺南市,北門區,麗湖段,124,120.14869130383,23.268547797671
108,45,禾迅一號股份有限公司,台南學甲地面型太陽光電發電系統工程,109/03/02,417912,51769.9,臺南市,北門區,麗湖段,330,120.14460294637,23.270087870366
108,45,禾迅一號股份有限公司,台南學甲地面型太陽光電發電系統工程,109/03/02,417912,51769.9,臺南市,北門區,麗湖段,337,120.14457117249,23.270281534158
109,1,祐達能源有限公司,三新紡織-祐達屋頂型太陽光電發電廠,109/05/21,63741,1994.4,臺南市,永康區,蔦松北段,513,120.262902,23.046157
109,2,中租電力科技股份有限公司,帝寶工業新營廠房屋頂太陽光電發電廠設置計畫,109/05/13,71725,2488.37,臺南市,新營區,茄苳段,406,120.28649386413,23.309391791173
109,2,中租電力科技股份有限公司,帝寶工業新營廠房屋頂太陽光電發電廠設置計畫,109/05/13,71725,2488.37,臺南市,新營區,茄苳段,412,120.28563707359,23.309293352957
109,3,昊軒電業股份有限公司,昊軒一號太陽光電發電廠,109/05/21,8495,898.53,臺南市,後壁區,嘉安段,593,120.37590810761,23.397404617853
109,3,昊軒電業股份有限公司,昊軒一號太陽光電發電廠,109/05/21,8495,898.53,臺南市,後壁區,嘉安段,594,120.37560140184,23.397826213021
109,3,昊軒電業股份有限公司,昊軒一號太陽光電發電廠,109/05/21,8495,898.53,臺南市,後壁區,嘉安段,605,120.37597424058,23.397526579859
109,3,昊軒電業股份有限公司,昊軒一號太陽光電發電廠,109/05/21,8495,898.53,臺南市,後壁區,嘉安段,607,120.3751664533,23.397850628107
109,3,昊軒電業股份有限公司,昊軒一號太陽光電發電廠,109/05/21,8495,898.53,臺南市,後壁區,嘉安段,608,120.37510554448,23.397733384236
109,5,全利成電力股份有限公司,全利成二號電廠,109/06/02,184458,3519.7,屏東縣,新園鄉,鹽龍段,327,120.4497478425,22.482115730243
109,5,全利成電力股份有限公司,全利成二號電廠,109/06/02,184458,3519.7,屏東縣,新園鄉,鹽龍段,328,120.45037064284,22.48176330431
109,5,全利成電力股份有限公司,全利成二號電廠,109/06/02,184458,3519.7,屏東縣,新園鄉,鹽龍段,329,120.44933394727,22.481568768185
109,5,全利成電力股份有限公司,全利成二號電廠,109/06/02,184458,3519.7,屏東縣,新園鄉,鹽龍段,330,120.4495991534,22.480366730058
109,5,全利成電力股份有限公司,全利成二號電廠,109/06/02,184458,3519.7,屏東縣,新園鄉,鹽龍段,331,120.44895198205,22.479673396887
109,5,全利成電力股份有限公司,全利成二號電廠,109/06/02,184458,3519.7,屏東縣,新園鄉,鹽龍段,332,120.44957634434,22.479532092226
109,5,全利成電力股份有限公司,全利成二號電廠,109/06/02,184458,3519.7,屏東縣,新園鄉,鹽龍段,340,120.44942794031,22.477954777317
109,5,全利成電力股份有限公司,全利成二號電廠,109/06/02,184458,3519.7,屏東縣,新園鄉,鹽龍段,343,120.44947139398,22.476933993202
109,5,全利成電力股份有限公司,全利成二號電廠,109/06/02,184458,3519.7,屏東縣,新園鄉,鹽龍段,349,120.44901509807,22.476883908223
109,5,全利成電力股份有限公司,全利成二號電廠,109/06/02,184458,3519.7,屏東縣,新園鄉,鹽龍段,351,120.44931249511,22.477411452568
109,5,全利成電力股份有限公司,全利成二號電廠,109/06/02,184458,3519.7,屏東縣,新園鄉,鹽龍段,352,120.44926090002,22.478173373088
109,5,全利成電力股份有限公司,全利成二號電廠,109/06/02,184458,3519.7,屏東縣,新園鄉,鹽龍段,353,120.44873509283,22.478607449476
109,5,全利成電力股份有限公司,全利成二號電廠,109/06/02,184458,3519.7,屏東縣,新園鄉,鹽龍段,354,120.44882172562,22.479773910188
109,5,全利成電力股份有限公司,全利成二號電廠,109/06/02,184458,3519.7,屏東縣,新園鄉,鹽龍段,355,120.44822598967,22.479624704825
109,5,全利成電力股份有限公司,全利成二號電廠,109/06/02,184458,3519.7,屏東縣,新園鄉,鹽龍段,356,120.4485610202,22.480154912516
109,5,全利成電力股份有限公司,全利成二號電廠,109/06/02,184458,3519.7,屏東縣,新園鄉,鹽龍段,357,120.44823224783,22.480515369402
109,5,全利成電力股份有限公司,全利成二號電廠,109/06/02,184458,3519.7,屏東縣,新園鄉,鹽龍段,358,120.44854931116,22.481031379597
109,5,全利成電力股份有限公司,全利成二號電廠,109/06/02,184458,3519.7,屏東縣,新園鄉,鹽龍段,359,120.44927542871,22.4814047378
109,5,全利成電力股份有限公司,全利成二號電廠,109/06/02,184458,3519.7,屏東縣,新園鄉,鹽龍段,360,120.44919762073,22.481527407225
109,5,全利成電力股份有限公司,全利成二號電廠,109/06/02,184458,3519.7,屏東縣,新園鄉,鹽龍段,377,120.44754875784,22.481689075573
109,5,全利成電力股份有限公司,全利成二號電廠,109/06/02,184458,3519.7,屏東縣,新園鄉,鹽龍段,378,120.44775498191,22.481374029171
109,5,全利成電力股份有限公司,全利成二號電廠,109/06/02,184458,3519.7,屏東縣,新園鄉,鹽龍段,380,120.44740519005,22.481142156175
109,5,全利成電力股份有限公司,全利成二號電廠,109/06/02,184458,3519.7,屏東縣,新園鄉,鹽龍段,408,120.4468459261,22.48001639439
109,5,全利成電力股份有限公司,全利成二號電廠,109/06/02,184458,3519.7,屏東縣,新園鄉,鹽龍段,409,120.44757203205,22.479404839137
109,5,全利成電力股份有限公司,全利成二號電廠,109/06/02,184458,3519.7,屏東縣,新園鄉,鹽龍段,410,120.44801632398,22.480699084012
109,5,全利成電力股份有限公司,全利成二號電廠,109/06/02,184458,3519.7,屏東縣,新園鄉,鹽龍段,412,120.44826726917,22.480178052796
109,5,全利成電力股份有限公司,全利成二號電廠,109/06/02,184458,3519.7,屏東縣,新園鄉,鹽龍段,413,120.44789757434,22.480180160409
109,5,全利成電力股份有限公司,全利成二號電廠,109/06/02,184458,3519.7,屏東縣,新園鄉,鹽龍段,414,120.44806100982,22.479772404977
109,5,全利成電力股份有限公司,全利成二號電廠,109/06/02,184458,3519.7,屏東縣,新園鄉,鹽龍段,415,120.4471965767,22.479753593994
109,5,全利成電力股份有限公司,全利成二號電廠,109/06/02,184458,3519.7,屏東縣,新園鄉,鹽龍段,416,120.44675034434,22.479575473507
109,5,全利成電力股份有限公司,全利成二號電廠,109/06/02,184458,3519.7,屏東縣,新園鄉,鹽龍段,763,120.4462068736,22.479114628447
109,5,全利成電力股份有限公司,全利成二號電廠,109/06/02,184458,3519.7,屏東縣,新園鄉,鹽龍段,764,120.44690218786,22.479102766622
109,5,全利成電力股份有限公司,全利成二號電廠,109/06/02,184458,3519.7,屏東縣,新園鄉,鹽龍段,765,120.44673808005,22.478690164296
109,5,全利成電力股份有限公司,全利成二號電廠,109/06/02,184458,3519.7,屏東縣,新園鄉,鹽龍段,766,120.44624386984,22.479000042748
109,5,全利成電力股份有限公司,全利成二號電廠,109/06/02,184458,3519.7,屏東縣,新園鄉,鹽龍段,767,120.44603527699,22.478848780334
109,5,全利成電力股份有限公司,全利成二號電廠,109/06/02,184458,3519.7,屏東縣,新園鄉,鹽龍段,777,120.44720344051,22.478315455407
109,5,全利成電力股份有限公司,全利成二號電廠,109/06/02,184458,3519.7,屏東縣,新園鄉,鹽龍段,792,120.44671807721,22.477779268873
109,5,全利成電力股份有限公司,全利成二號電廠,109/06/02,184458,3519.7,屏東縣,新園鄉,鹽龍段,794,120.44753698822,22.477602854568
109,5,全利成電力股份有限公司,全利成二號電廠,109/06/02,184458,3519.7,屏東縣,新園鄉,鹽龍段,795,120.44776675176,22.478014242677
109,5,全利成電力股份有限公司,全利成二號電廠,109/06/02,184458,3519.7,屏東縣,新園鄉,鹽龍段,796,120.44735239339,22.478170864438
109,5,全利成電力股份有限公司,全利成二號電廠,109/06/02,184458,3519.7,屏東縣,新園鄉,鹽龍段,797,120.44819093857,22.478533505127
109,5,全利成電力股份有限公司,全利成二號電廠,109/06/02,184458,3519.7,屏東縣,新園鄉,鹽龍段,798,120.44814676447,22.477310177346
109,6,天璣智慧能源股份有限公司,天璣第一期太陽能電廠,109/05/15,5884,418.5,屏東縣,佳冬鄉,新埔段,1151,120.52965394558,22.435889670352
109,6,天璣智慧能源股份有限公司,天璣第一期太陽能電廠,109/05/15,5884,418.5,屏東縣,佳冬鄉,新埔段,1154,120.53005512555,22.435997788815
109,7,天璣智慧能源股份有限公司,天璣第二期(第1-1階段)太陽能電廠,109/07/23,34133,3360.4,屏東縣,佳冬鄉,佳和段,1328,120.54224069778,22.431113843255
109,7,天璣智慧能源股份有限公司,天璣第二期(第1-1階段)太陽能電廠,109/07/23,34133,3360.4,屏東縣,佳冬鄉,佳和段,1370,120.5446517964,22.430966607537
109,7,天璣智慧能源股份有限公司,天璣第二期(第1-1階段)太陽能電廠,109/07/23,34133,3360.4,屏東縣,佳冬鄉,佳和段,1371,120.54451128696,22.430907193542
109,7,天璣智慧能源股份有限公司,天璣第二期(第1-1階段)太陽能電廠,109/07/23,34133,3360.4,屏東縣,佳冬鄉,佳和段,2358,120.53697270996,22.425206471459
109,7,天璣智慧能源股份有限公司,天璣第二期(第1-1階段)太陽能電廠,109/07/23,34133,3360.4,屏東縣,佳冬鄉,佳和段,2036,120.53140854968,22.430464268336
109,7,天璣智慧能源股份有限公司,天璣第二期(第1-1階段)太陽能電廠,109/07/23,34133,3360.4,屏東縣,佳冬鄉,佳和段,2035,120.53156897683,22.430484916433
109,7,天璣智慧能源股份有限公司,天璣第二期(第1-1階段)太陽能電廠,109/07/23,34133,3360.4,屏東縣,佳冬鄉,佳和段,2015,120.53293038495,22.430795713769
109,7,天璣智慧能源股份有限公司,天璣第二期(第1-1階段)太陽能電廠,109/07/23,34133,3360.4,屏東縣,佳冬鄉,佳和段,2072,120.53493120602,22.430499998985
109,7,天璣智慧能源股份有限公司,天璣第二期(第1-1階段)太陽能電廠,109/07/23,34133,3360.4,屏東縣,佳冬鄉,佳和段,2070,120.53525200024,22.430637094574
109,7,天璣智慧能源股份有限公司,天璣第二期(第1-1階段)太陽能電廠,109/07/23,34133,3360.4,屏東縣,佳冬鄉,佳和段,2227,120.53340824482,22.427369571957
109,7,天璣智慧能源股份有限公司,天璣第二期(第1-1階段)太陽能電廠,109/07/23,34133,3360.4,屏東縣,佳冬鄉,佳和段,2210,120.53606952268,22.42849393047
109,7,天璣智慧能源股份有限公司,天璣第二期(第1-1階段)太陽能電廠,109/07/23,34133,3360.4,屏東縣,佳冬鄉,佳和段,2208,120.53641336854,22.428640034898
109,7,天璣智慧能源股份有限公司,天璣第二期(第1-1階段)太陽能電廠,109/07/23,34133,3360.4,屏東縣,佳冬鄉,佳和段,2255,120.53760322527,22.427988398929
109,7,天璣智慧能源股份有限公司,天璣第二期(第1-1階段)太陽能電廠,109/07/23,34133,3360.4,屏東縣,佳冬鄉,佳和段,2199,120.53801871454,22.429320118938
109,7,天璣智慧能源股份有限公司,天璣第二期(第1-1階段)太陽能電廠,109/07/23,34133,3360.4,屏東縣,佳冬鄉,佳和段,2198,120.53817979914,22.429388275852
109,7,天璣智慧能源股份有限公司,天璣第二期(第1-2階段)太陽能電廠,109/12/10,50831,5226.6,屏東縣,佳冬鄉,塭豐段,381,120.52479413851,22.424210271256
109,7,天璣智慧能源股份有限公司,天璣第二期(第1-2階段)太陽能電廠,109/12/10,50831,5226.6,屏東縣,佳冬鄉,塭豐段,383,120.52512562798,22.424026159944
109,7,天璣智慧能源股份有限公司,天璣第二期(第1-2階段)太陽能電廠,109/12/10,50831,5226.6,屏東縣,佳冬鄉,塭豐段,403,120.52462716852,22.423015590164
109,7,天璣智慧能源股份有限公司,天璣第二期(第1-2階段)太陽能電廠,109/12/10,50831,5226.6,屏東縣,佳冬鄉,塭豐段,373,120.52709728956,22.424122126077
109,7,天璣智慧能源股份有限公司,天璣第二期(第1-2階段)太陽能電廠,109/12/10,50831,5226.6,屏東縣,佳冬鄉,塭豐段,374,120.52723801634,22.424048775167
109,7,天璣智慧能源股份有限公司,天璣第二期(第1-2階段)太陽能電廠,109/12/10,50831,5226.6,屏東縣,佳冬鄉,塭豐段,375,120.52734054033,22.42399511941
109,7,天璣智慧能源股份有限公司,天璣第二期(第1-2階段)太陽能電廠,109/12/10,50831,5226.6,屏東縣,佳冬鄉,塭豐段,506,120.52867951132,22.423300385602
109,7,天璣智慧能源股份有限公司,天璣第二期(第1-2階段)太陽能電廠,109/12/10,50831,5226.6,屏東縣,佳冬鄉,塭豐段,510,120.52941544788,22.422914113943
109,7,天璣智慧能源股份有限公司,天璣第二期(第1-2階段)太陽能電廠,109/12/10,50831,5226.6,屏東縣,佳冬鄉,塭豐段,511,120.52955702227,22.422837631981
109,7,天璣智慧能源股份有限公司,天璣第二期(第1-2階段)太陽能電廠,109/12/10,50831,5226.6,屏東縣,佳冬鄉,塭豐段,395,120.52675362686,22.423105512388
109,7,天璣智慧能源股份有限公司,天璣第二期(第1-2階段)太陽能電廠,109/12/10,50831,5226.6,屏東縣,佳冬鄉,塭豐段,522,120.52692358027,22.423010340154
109,7,天璣智慧能源股份有限公司,天璣第二期(第1-2階段)太陽能電廠,109/12/10,50831,5226.6,屏東縣,佳冬鄉,塭豐段,523,120.52709578624,22.42291543004
109,7,天璣智慧能源股份有限公司,天璣第二期(第1-2階段)太陽能電廠,109/12/10,50831,5226.6,屏東縣,佳冬鄉,塭豐段,524,120.52722529096,22.422842039678
109,7,天璣智慧能源股份有限公司,天璣第二期(第1-2階段)太陽能電廠,109/12/10,50831,5226.6,屏東縣,佳冬鄉,塭豐段,525,120.5273219286,22.422787580568
109,7,天璣智慧能源股份有限公司,天璣第二期(第1-2階段)太陽能電廠,109/12/10,50831,5226.6,屏東縣,佳冬鄉,塭豐段,526,120.52745311993,22.422714447507
109,7,天璣智慧能源股份有限公司,天璣第二期(第1-2階段)太陽能電廠,109/12/10,50831,5226.6,屏東縣,佳冬鄉,塭豐段,529,120.527904278,22.422463939599
109,7,天璣智慧能源股份有限公司,天璣第二期(第1-2階段)太陽能電廠,109/12/10,50831,5226.6,屏東縣,佳冬鄉,塭豐段,413,120.52614247021,22.422167086101
109,7,天璣智慧能源股份有限公司,天璣第二期(第1-2階段)太陽能電廠,109/12/10,50831,5226.6,屏東縣,佳冬鄉,塭仔段,245,120.52532497428,22.420995361125
109,7,天璣智慧能源股份有限公司,天璣第二期(第1-2階段)太陽能電廠,109/12/10,50831,5226.6,屏東縣,佳冬鄉,塭豐段,565,120.52670188273,22.420502174334
109,7,天璣智慧能源股份有限公司,天璣第二期(第1-2階段)太陽能電廠,109/12/10,50831,5226.6,屏東縣,佳冬鄉,塭豐段,566,120.52684346838,22.42042230092
109,7,天璣智慧能源股份有限公司,天璣第二期(第1-2階段)太陽能電廠,109/12/10,50831,5226.6,屏東縣,佳冬鄉,塭仔段,314,120.52616121942,22.419765143673
109,7,天璣智慧能源股份有限公司,天璣第二期(第1-2階段)太陽能電廠,109/12/10,50831,5226.6,屏東縣,佳冬鄉,塭仔段,410,120.52287401679,22.419816961226
109,7,天璣智慧能源股份有限公司,天璣第二期(第1-2階段)太陽能電廠,109/12/10,50831,5226.6,屏東縣,佳冬鄉,塭仔段,411,120.52260203679,22.419862201484
109,7,天璣智慧能源股份有限公司,天璣第二期(第1-2階段)太陽能電廠,109/12/10,50831,5226.6,屏東縣,佳冬鄉,塭仔段,470,120.52098499593,22.419053309188
109,7,天璣智慧能源股份有限公司,天璣第二期(第1-2階段)太陽能電廠,109/12/10,50831,5226.6,屏東縣,佳冬鄉,塭仔段,477,120.52112562551,22.418472437907
109,7,天璣智慧能源股份有限公司,天璣第二期(第1-2階段)太陽能電廠,109/12/10,50831,5226.6,屏東縣,佳冬鄉,塭仔段,478,120.52107827459,22.418766985318
109,7,天璣智慧能源股份有限公司,天璣第二期(第1-2階段)太陽能電廠,109/12/10,50831,5226.6,屏東縣,佳冬鄉,塭仔段,479,120.52087590306,22.41872030879
109,7,天璣智慧能源股份有限公司,天璣第二期(第1-2階段)太陽能電廠,109/12/10,50831,5226.6,屏東縣,佳冬鄉,塭仔段,480,120.52068301054,22.418923987007
109,7,天璣智慧能源股份有限公司,天璣第二期(第1-2階段)太陽能電廠,109/12/10,50831,5226.6,屏東縣,佳冬鄉,塭仔段,481,120.52054770751,22.418724098935
109,8,桃旭電力股份有限公司,東和鋼鐵桃園廠太陽光電發電廠,109/06/03,124457,3001.505,桃園市,觀音區,保障段,1000,121.147876,25.075168
109,8,桃旭電力股份有限公司,東和鋼鐵桃園廠太陽光電發電廠,109/06/03,124457,3001.505,桃園市,觀音區,保障段,1001,121.147635,25.074685
109,8,桃旭電力股份有限公司,東和鋼鐵桃園廠太陽光電發電廠,109/06/03,124457,3001.505,桃園市,觀音區,保障段,1002,121.147299,25.074625
109,8,桃旭電力股份有限公司,東和鋼鐵桃園廠太陽光電發電廠,109/06/03,124457,3001.505,桃園市,觀音區,保障段,1003,121.146974,25.074627
109,8,桃旭電力股份有限公司,東和鋼鐵桃園廠太陽光電發電廠,109/06/03,124457,3001.505,桃園市,觀音區,保障段,1004,121.146505,25.074709
